API,year,month,oil
A_30015420120000,2015,FEB,0
A_30015420120000,2015,MAR,5329
A_30015420120000,2015,APR,2996
A_30015420120000,2015,MAY,2369
A_30015420120000,2015,JUN,1957
A_30015420120000,2015,JUL,1775
A_30015420120000,2015,AUG,1471
A_30015420120000,2015,SEP,1111
A_30015420120000,2015,DEC,0
A_30015420120000,2016,JAN,1
A_30015420120000,2016,FEB,1815
A_30015420120000,2016,MAR,1591
A_30015420120000,2016,APR,1224
A_30015420120000,2016,MAY,1103
A_30015420120000,2016,JUN,868
A_30015420120000,2016,JUL,941
A_30015420120000,2016,AUG,390
A_30015420120000,2016,OCT,655
A_30015420120000,2016,NOV,1396
A_30015420120000,2016,DEC,967
A_30015420120000,2017,JAN,872
A_30015420120000,2017,FEB,783
A_30015420120000,2017,MAR,552
A_30015420120000,2017,APR,718
A_30015420120000,2017,MAY,643
A_30015420120000,2017,JUN,571
A_30015420120000,2017,JUL,251
A_30015420120000,2017,AUG,0
A_30015420120000,2017,SEP,115
A_30015420120000,2017,OCT,1197
A_30015420120000,2017,NOV,0
A_30015420120000,2017,DEC,4
A_30015420120000,2018,JAN,823
A_30015420120000,2018,FEB,1158
A_30015420120000,2018,MAR,703
A_30015420120000,2018,APR,668
A_30015420120000,2018,MAY,638
A_30015420140000,2017,JAN,385
A_30015420140000,2017,FEB,34
A_30015420140000,2017,MAR,28
A_30015420140000,2017,APR,67
A_30015420140000,2017,MAY,34
A_30015420140000,2017,JUN,159
A_30015420140000,2017,JUL,78
A_30015420140000,2017,AUG,3
A_30015420140000,2017,SEP,3
A_30015420140000,2017,OCT,23
A_30015420140000,2017,NOV,3
A_30015420140000,2017,DEC,2
A_30015420140000,2018,JAN,3
A_30015420140000,2018,FEB,3
A_30015420140000,2018,MAR,3
A_30015420140000,2018,APR,3
A_30015420140000,2018,MAY,5
A_30015420220000,2015,SEP,249
A_30015420220000,2015,OCT,10850
A_30015420220000,2015,NOV,9420
A_30015420220000,2015,DEC,6460
A_30015420220000,2016,JAN,6523
A_30015420220000,2016,FEB,6897
A_30015420220000,2016,MAR,5670
A_30015420220000,2016,APR,2805
A_30015420220000,2016,MAY,2004
A_30015420220000,2016,JUN,1384
A_30015420220000,2016,JUL,2040
A_30015420220000,2016,AUG,1983
A_30015420220000,2016,SEP,1289
A_30015420220000,2016,OCT,1718
A_30015420220000,2016,NOV,1504
A_30015420220000,2016,DEC,479
A_30015420220000,2017,JAN,364
A_30015420220000,2017,FEB,956
A_30015420220000,2017,MAR,852
A_30015420220000,2017,APR,499
A_30015420220000,2017,MAY,313
A_30015420220000,2017,JUN,1617
A_30015420220000,2017,JUL,1406
A_30015420220000,2017,AUG,963
A_30015420220000,2017,SEP,1262
A_30015420220000,2017,OCT,1116
A_30015420220000,2017,NOV,1195
A_30015420220000,2017,DEC,1050
A_30015420220000,2018,JAN,1077
A_30015420220000,2018,FEB,908
A_30015420220000,2018,MAR,1016
A_30015420220000,2018,APR,863
A_30015420220000,2018,MAY,870
A_30015420300000,2015,OCT,1827
A_30015420300000,2015,NOV,30799
A_30015420300000,2015,DEC,24282
A_30015420300000,2016,JAN,16618
A_30015420300000,2016,FEB,15491
A_30015420300000,2016,MAR,14325
A_30015420300000,2016,APR,10718
A_30015420300000,2016,MAY,10905
A_30015420300000,2016,JUN,7358
A_30015420300000,2016,JUL,3434
A_30015420300000,2016,AUG,2465
A_30015420300000,2016,SEP,4824
A_30015420300000,2016,OCT,4258
A_30015420300000,2016,NOV,3624
A_30015420300000,2016,DEC,3435
A_30015420300000,2017,JAN,3937
A_30015420300000,2017,FEB,3084
A_30015420300000,2017,MAR,3301
A_30015420300000,2017,APR,2805
A_30015420300000,2017,MAY,1759
A_30015420300000,2017,JUN,2297
A_30015420300000,2017,JUL,3101
A_30015420300000,2017,AUG,2325
A_30015420300000,2017,SEP,1447
A_30015420300000,2017,OCT,3013
A_30015420300000,2017,NOV,2775
A_30015420300000,2017,DEC,2652
A_30015420300000,2018,JAN,3827
A_30015420300000,2018,FEB,2821
A_30015420300000,2018,MAR,3444
A_30015420300000,2018,APR,2597
A_30015420300000,2018,MAY,2373
A_30015420320000,2015,JUL,5261
A_30015420320000,2015,AUG,13251
A_30015420320000,2015,SEP,7360
A_30015420320000,2015,OCT,6484
A_30015420320000,2015,NOV,5832
A_30015420320000,2015,DEC,5336
A_30015420320000,2016,JAN,5237
A_30015420320000,2016,FEB,4402
A_30015420320000,2016,MAR,4502
A_30015420320000,2016,APR,3987
A_30015420320000,2016,MAY,3725
A_30015420320000,2016,JUN,3065
A_30015420320000,2016,JUL,2467
A_30015420320000,2016,AUG,2993
A_30015420320000,2016,SEP,2691
A_30015420320000,2016,OCT,2171
A_30015420320000,2016,NOV,2278
A_30015420320000,2016,DEC,1177
A_30015420320000,2017,JAN,1800
A_30015420320000,2017,FEB,1550
A_30015420320000,2017,MAR,1443
A_30015420320000,2017,APR,1235
A_30015420320000,2017,MAY,1085
A_30015420320000,2017,JUN,1080
A_30015420320000,2017,JUL,1084
A_30015420320000,2017,AUG,624
A_30015420320000,2017,SEP,729
A_30015420320000,2017,OCT,426
A_30015420320000,2017,NOV,822
A_30015420320000,2017,DEC,104
A_30015420320000,2018,JAN,1208
A_30015420320000,2018,FEB,1186
A_30015420320000,2018,MAR,1130
A_30015420320000,2018,APR,1631
A_30015420320000,2018,MAY,1174
A_30015420340000,2015,MAY,9637
A_30015420340000,2015,JUN,20821
A_30015420340000,2015,JUL,15571
A_30015420340000,2015,AUG,20415
A_30015420340000,2015,SEP,12078
A_30015420340000,2015,OCT,14168
A_30015420340000,2015,NOV,12353
A_30015420340000,2015,DEC,9544
A_30015420340000,2016,JAN,9187
A_30015420340000,2016,FEB,8949
A_30015420340000,2016,MAR,9051
A_30015420340000,2016,APR,8910
A_30015420340000,2016,MAY,8626
A_30015420340000,2016,JUN,7593
A_30015420340000,2016,JUL,7050
A_30015420340000,2016,AUG,6758
A_30015420340000,2016,SEP,6323
A_30015420340000,2016,OCT,5439
A_30015420340000,2016,NOV,9031
A_30015420340000,2016,DEC,6272
A_30015420340000,2017,JAN,3837
A_30015420340000,2017,FEB,4050
A_30015420370000,2015,APR,0
A_30015420370000,2015,MAY,0
A_30015420370000,2015,JUN,733
A_30015420370000,2015,JUL,2217
A_30015420370000,2015,AUG,2398
A_30015420370000,2015,SEP,2559
A_30015420370000,2015,OCT,1600
A_30015420370000,2015,NOV,1805
A_30015420370000,2015,DEC,1992
A_30015420370000,2016,JAN,1423
A_30015420370000,2016,FEB,1286
A_30015420370000,2016,MAR,1058
A_30015420370000,2016,APR,1058
A_30015420370000,2016,MAY,1821
A_30015420370000,2016,JUN,1435
A_30015420370000,2016,JUL,1510
A_30015420370000,2016,AUG,1336
A_30015420370000,2016,SEP,1216
A_30015420370000,2016,OCT,1376
A_30015420370000,2016,NOV,1728
A_30015420370000,2016,DEC,1461
A_30015420370000,2017,JAN,1028
A_30015420370000,2017,FEB,644
A_30015420370000,2017,MAR,876
A_30015420370000,2017,APR,400
A_30015420370000,2017,MAY,862
A_30015420370000,2017,JUN,1072
A_30015420370000,2017,JUL,170
A_30015420370000,2017,AUG,1060
A_30015420370000,2017,SEP,1367
A_30015420370000,2017,OCT,1255
A_30015420370000,2017,NOV,1520
A_30015420370000,2017,DEC,982
A_30015420370000,2018,JAN,1275
A_30015420370000,2018,FEB,582
A_30015420370000,2018,MAR,1895
A_30015420370000,2018,APR,955
A_30015420370000,2018,MAY,83
A_30015420590000,2015,APR,1637
A_30015420590000,2015,MAY,24680
A_30015420590000,2015,JUN,17993
A_30015420590000,2015,JUL,11306
A_30015420590000,2015,AUG,12415
A_30015420590000,2015,SEP,8843
A_30015420590000,2015,OCT,6791
A_30015420590000,2015,NOV,6175
A_30015420590000,2015,DEC,3683
A_30015420590000,2016,JAN,4446
A_30015420590000,2016,FEB,5333
A_30015420590000,2016,MAR,4414
A_30015420590000,2016,APR,3552
A_30015420590000,2016,MAY,3201
A_30015420590000,2016,JUN,2956
A_30015420590000,2016,JUL,2812
A_30015420590000,2016,AUG,2653
A_30015420590000,2016,SEP,2415
A_30015420590000,2016,OCT,2405
A_30015420590000,2016,NOV,2174
A_30015420590000,2016,DEC,2144
A_30015420590000,2017,JAN,1936
A_30015420590000,2017,FEB,2106
A_30015420590000,2017,MAR,1980
A_30015420590000,2017,APR,1750
A_30015420590000,2017,MAY,1735
A_30015420590000,2017,JUN,1676
A_30015420590000,2017,JUL,1662
A_30015420590000,2017,AUG,1295
A_30015420590000,2017,SEP,1543
A_30015420590000,2017,OCT,1634
A_30015420590000,2017,NOV,1650
A_30015420590000,2017,DEC,1000
A_30015420590000,2018,JAN,1372
A_30015420590000,2018,FEB,1119
A_30015420590000,2018,MAR,1847
A_30015420590000,2018,APR,1517
A_30015420590000,2018,MAY,1377
A_30015420610000,2015,SEP,4174
A_30015420610000,2015,OCT,17935
A_30015420610000,2015,NOV,18114
A_30015420610000,2015,DEC,12240
A_30015420610000,2016,JAN,5116
A_30015420610000,2016,FEB,7769
A_30015420610000,2016,MAR,7262
A_30015420610000,2016,APR,6186
A_30015420610000,2016,MAY,5242
A_30015420610000,2016,JUN,4112
A_30015420610000,2016,JUL,6468
A_30015420610000,2016,AUG,6609
A_30015420610000,2016,SEP,5404
A_30015420610000,2016,OCT,2006
A_30015420610000,2016,NOV,2171
A_30015420610000,2016,DEC,413
A_30015420610000,2017,FEB,716
A_30015420610000,2017,MAR,5288
A_30015420610000,2017,APR,5455
A_30015420610000,2017,MAY,5095
A_30015420610000,2017,JUN,4599
A_30015420610000,2017,JUL,4460
A_30015420610000,2017,AUG,3913
A_30015420610000,2017,SEP,3877
A_30015420610000,2017,OCT,3163
A_30015420610000,2017,NOV,3671
A_30015420610000,2017,DEC,3202
A_30015420610000,2018,JAN,3475
A_30015420610000,2018,FEB,2815
A_30015420610000,2018,MAR,2916
A_30015420610000,2018,APR,2129
A_30015420610000,2018,MAY,225
A_30015420620000,2015,APR,5686
A_30015420620000,2015,MAY,10039
A_30015420620000,2015,JUN,16573
A_30015420620000,2015,JUL,17333
A_30015420620000,2015,AUG,14274
A_30015420620000,2015,SEP,8447
A_30015420620000,2015,OCT,4835
A_30015420620000,2015,NOV,4695
A_30015420620000,2015,DEC,4343
A_30015420620000,2016,JAN,4778
A_30015420620000,2016,FEB,4328
A_30015420620000,2016,MAR,3546
A_30015420620000,2016,APR,1644
A_30015420620000,2016,MAY,2075
A_30015420620000,2016,JUN,2663
A_30015420620000,2016,JUL,3241
A_30015420620000,2016,AUG,2180
A_30015420620000,2016,SEP,2501
A_30015420620000,2016,OCT,2532
A_30015420620000,2016,NOV,2479
A_30015420620000,2016,DEC,1819
A_30015420620000,2017,JAN,1768
A_30015420620000,2017,FEB,1706
A_30015420620000,2017,MAR,2369
A_30015420620000,2017,APR,3237
A_30015420620000,2017,MAY,1671
A_30015420620000,2017,JUN,1389
A_30015420620000,2017,JUL,1168
A_30015420620000,2017,AUG,1109
A_30015420620000,2017,SEP,1135
A_30015420620000,2017,OCT,1302
A_30015420620000,2017,NOV,1276
A_30015420620000,2017,DEC,1531
A_30015420620000,2018,JAN,1206
A_30015420620000,2018,FEB,1062
A_30015420620000,2018,MAR,1774
A_30015420620000,2018,APR,1658
A_30015420620000,2018,MAY,1541
A_30015420710000,2015,MAY,11285
A_30015420710000,2015,JUN,10662
A_30015420710000,2015,JUL,8209
A_30015420710000,2015,AUG,12299
A_30015420710000,2015,SEP,11811
A_30015420710000,2015,OCT,16579
A_30015420710000,2015,NOV,7267
A_30015420710000,2015,DEC,14686
A_30015420710000,2016,JAN,14801
A_30015420710000,2016,FEB,11638
A_30015420710000,2016,MAR,11979
A_30015420710000,2016,APR,8475
A_30015420710000,2016,MAY,9239
A_30015420710000,2016,JUN,8180
A_30015420710000,2016,JUL,5747
A_30015420710000,2016,AUG,5127
A_30015420710000,2016,SEP,5039
A_30015420710000,2016,OCT,4411
A_30015420710000,2016,NOV,2443
A_30015420710000,2016,DEC,4489
A_30015420710000,2017,JAN,4198
A_30015420710000,2017,FEB,4483
A_30015420710000,2017,MAR,4320
A_30015420710000,2017,APR,1613
A_30015420710000,2017,MAY,3931
A_30015420710000,2017,JUN,3233
A_30015420710000,2017,JUL,3243
A_30015420710000,2017,AUG,2869
A_30015420710000,2017,SEP,429
A_30015420710000,2017,OCT,1251
A_30015420710000,2017,NOV,3009
A_30015420710000,2017,DEC,2792
A_30015420710000,2018,JAN,2215
A_30015420710000,2018,FEB,2584
A_30015420710000,2018,MAR,2726
A_30015420710000,2018,APR,2726
A_30015420710000,2018,MAY,2132
A_30015420720000,2015,MAR,17696
A_30015420720000,2015,APR,19132
A_30015420720000,2015,MAY,11940
A_30015420720000,2015,JUN,12852
A_30015420720000,2015,JUL,7199
A_30015420720000,2015,AUG,14716
A_30015420720000,2015,SEP,18760
A_30015420720000,2015,OCT,23707
A_30015420720000,2015,NOV,16496
A_30015420720000,2015,DEC,9251
A_30015420720000,2016,JAN,20801
A_30015420720000,2016,FEB,17042
A_30015420720000,2016,MAR,12370
A_30015420720000,2016,APR,9944
A_30015420720000,2016,MAY,10128
A_30015420720000,2016,JUN,9460
A_30015420720000,2016,JUL,7345
A_30015420720000,2016,AUG,8636
A_30015420720000,2016,SEP,7918
A_30015420720000,2016,OCT,6655
A_30015420720000,2016,NOV,5920
A_30015420720000,2016,DEC,5911
A_30015420720000,2017,JAN,5328
A_30015420720000,2017,FEB,4416
A_30015420720000,2017,MAR,4726
A_30015420720000,2017,APR,3245
A_30015420720000,2017,MAY,2991
A_30015420720000,2017,JUN,2986
A_30015420720000,2017,JUL,3621
A_30015420720000,2017,AUG,3036
A_30015420720000,2017,SEP,1682
A_30015420720000,2017,OCT,3940
A_30015420720000,2017,NOV,3406
A_30015420720000,2017,DEC,4083
A_30015420720000,2018,JAN,3477
A_30015420720000,2018,FEB,2183
A_30015420720000,2018,MAR,2207
A_30015420720000,2018,APR,2207
A_30015420720000,2018,MAY,2467
A_30015420730000,2015,APR,9627
A_30015420730000,2015,MAY,24766
A_30015420730000,2015,JUN,14154
A_30015420730000,2015,JUL,14086
A_30015420730000,2015,AUG,28043
A_30015420730000,2015,SEP,23825
A_30015420730000,2015,OCT,16463
A_30015420730000,2015,NOV,14448
A_30015420730000,2015,DEC,16222
A_30015420730000,2016,JAN,9960
A_30015420730000,2016,FEB,16520
A_30015420730000,2016,MAR,7090
A_30015420730000,2016,APR,8190
A_30015420730000,2016,MAY,8759
A_30015420730000,2016,JUN,7366
A_30015420730000,2016,JUL,7243
A_30015420730000,2016,AUG,7105
A_30015420730000,2016,SEP,4022
A_30015420730000,2016,OCT,9518
A_30015420730000,2016,NOV,6104
A_30015420730000,2016,DEC,5769
A_30015420730000,2017,JAN,5521
A_30015420730000,2017,FEB,4471
A_30015420730000,2017,MAR,4444
A_30015420730000,2017,APR,4663
A_30015420730000,2017,MAY,3884
A_30015420730000,2017,JUN,3737
A_30015420730000,2017,JUL,2527
A_30015420730000,2017,AUG,6006
A_30015420730000,2017,SEP,4468
A_30015420730000,2017,OCT,3787
A_30015420730000,2017,NOV,1589
A_30015420730000,2017,DEC,3779
A_30015420730000,2018,JAN,4082
A_30015420730000,2018,FEB,4124
A_30015420730000,2018,MAR,3219
A_30015420730000,2018,APR,3219
A_30015420730000,2018,MAY,1983
A_30015420780000,2015,MAY,22114
A_30015420780000,2015,JUN,19464
A_30015420780000,2015,JUL,17883
A_30015420780000,2015,AUG,15351
A_30015420780000,2015,SEP,12355
A_30015420780000,2015,OCT,11734
A_30015420780000,2015,NOV,11085
A_30015420780000,2015,DEC,9736
A_30015420780000,2016,JAN,11164
A_30015420780000,2016,FEB,8585
A_30015420780000,2016,MAR,8162
A_30015420780000,2016,APR,5773
A_30015420780000,2016,MAY,7812
A_30015420780000,2016,JUN,7351
A_30015420780000,2016,JUL,7496
A_30015420780000,2016,AUG,5867
A_30015420780000,2016,SEP,5398
A_30015420780000,2016,OCT,5273
A_30015420780000,2016,NOV,5645
A_30015420780000,2016,DEC,5312
A_30015420780000,2017,JAN,5170
A_30015420780000,2017,FEB,4664
A_30015420780000,2017,MAR,4927
A_30015420780000,2017,APR,4747
A_30015420780000,2017,MAY,4715
A_30015420780000,2017,JUN,1163
A_30015420780000,2017,JUL,156
A_30015420780000,2017,SEP,2195
A_30015420780000,2017,OCT,3827
A_30015420780000,2017,NOV,3587
A_30015420780000,2017,DEC,3578
A_30015420780000,2018,JAN,122
A_30015420780000,2018,FEB,1686
A_30015420780000,2018,MAR,2388
A_30015420780000,2018,APR,2104
A_30015420780000,2018,MAY,2175
A_30015420910000,2015,JAN,24072
A_30015420910000,2015,FEB,21909
A_30015420910000,2015,MAR,15844
A_30015420910000,2015,APR,10859
A_30015420910000,2015,MAY,9842
A_30015420910000,2015,JUN,4951
A_30015420910000,2015,JUL,8039
A_30015420910000,2015,AUG,10173
A_30015420910000,2015,SEP,4126
A_30015420910000,2015,OCT,7458
A_30015420910000,2015,NOV,8898
A_30015420910000,2015,DEC,4816
A_30015420910000,2016,JAN,5701
A_30015420910000,2016,FEB,4386
A_30015420910000,2016,MAR,4444
A_30015420910000,2016,APR,3845
A_30015420910000,2016,MAY,3923
A_30015420910000,2016,JUN,3248
A_30015420910000,2016,JUL,3398
A_30015420910000,2016,AUG,1882
A_30015420910000,2016,SEP,3250
A_30015420910000,2016,OCT,3419
A_30015420910000,2016,NOV,3337
A_30015420910000,2016,DEC,3030
A_30015420910000,2017,JAN,2718
A_30015420910000,2017,FEB,2500
A_30015420910000,2017,MAR,1300
A_30015420910000,2017,APR,5248
A_30015420910000,2017,MAY,2743
A_30015420910000,2017,JUN,2176
A_30015420910000,2017,JUL,2212
A_30015420910000,2017,AUG,1203
A_30015420910000,2017,OCT,2405
A_30015420910000,2017,NOV,2273
A_30015420910000,2017,DEC,1314
A_30015420910000,2018,JAN,2858
A_30015420910000,2018,FEB,1145
A_30015420910000,2018,MAR,1460
A_30015420910000,2018,APR,1460
A_30015420910000,2018,MAY,1798
A_30015420920000,2015,MAR,18200
A_30015420920000,2015,APR,19351
A_30015420920000,2015,MAY,17875
A_30015420920000,2015,JUN,8915
A_30015420920000,2015,JUL,9033
A_30015420920000,2015,AUG,10330
A_30015420920000,2015,SEP,8272
A_30015420920000,2015,OCT,6886
A_30015420920000,2015,NOV,4584
A_30015420920000,2015,DEC,4798
A_30015420920000,2016,JAN,4887
A_30015420920000,2016,FEB,4959
A_30015420920000,2016,MAR,4402
A_30015420920000,2016,APR,4150
A_30015420920000,2016,MAY,4354
A_30015420920000,2016,JUN,3647
A_30015420920000,2016,JUL,3176
A_30015420920000,2016,AUG,3906
A_30015420920000,2016,SEP,3331
A_30015420920000,2016,OCT,2899
A_30015420920000,2016,NOV,2710
A_30015420920000,2016,DEC,3353
A_30015420920000,2017,JAN,2648
A_30015420920000,2017,FEB,1942
A_30015420920000,2017,MAR,2995
A_30015420920000,2017,APR,1700
A_30015420920000,2017,MAY,2460
A_30015420920000,2017,JUN,2508
A_30015420920000,2017,JUL,2094
A_30015420920000,2017,AUG,2201
A_30015420920000,2017,SEP,1966
A_30015420920000,2017,OCT,1888
A_30015420920000,2017,NOV,2083
A_30015420920000,2017,DEC,2328
A_30015420920000,2018,JAN,2874
A_30015420920000,2018,FEB,991
A_30015420920000,2018,MAR,266
A_30015420920000,2018,APR,266
A_30015420920000,2018,MAY,2000
A_30015420980000,2015,MAY,29252
A_30015420980000,2015,JUN,52313
A_30015420980000,2015,JUL,36303
A_30015420980000,2015,AUG,29227
A_30015420980000,2015,SEP,20698
A_30015420980000,2015,OCT,17114
A_30015420980000,2015,NOV,13446
A_30015420980000,2015,DEC,10672
A_30015420980000,2016,JAN,10820
A_30015420980000,2016,FEB,8283
A_30015420980000,2016,MAR,7751
A_30015420980000,2016,APR,7020
A_30015420980000,2016,MAY,5132
A_30015420980000,2016,JUN,4766
A_30015420980000,2016,JUL,5966
A_30015420980000,2016,AUG,5437
A_30015420980000,2016,SEP,4864
A_30015420980000,2016,OCT,4572
A_30015420980000,2016,NOV,4072
A_30015420980000,2016,DEC,4249
A_30015420980000,2017,JAN,2378
A_30015420980000,2017,FEB,3674
A_30015420980000,2017,MAR,2739
A_30015420980000,2017,APR,2424
A_30015420980000,2017,MAY,2408
A_30015420980000,2017,JUN,2714
A_30015420980000,2017,JUL,2333
A_30015420980000,2017,AUG,2442
A_30015420980000,2017,SEP,2035
A_30015420980000,2017,OCT,2313
A_30015420980000,2017,NOV,2779
A_30015420980000,2017,DEC,2747
A_30015420980000,2018,JAN,2541
A_30015420980000,2018,FEB,2399
A_30015420980000,2018,MAR,2330
A_30015420980000,2018,APR,2076
A_30015420980000,2018,MAY,2082
A_30015421050000,2016,JUN,27631
A_30015421050000,2016,JUL,55938
A_30015421050000,2016,AUG,41215
A_30015421050000,2016,SEP,29401
A_30015421050000,2016,OCT,22041
A_30015421050000,2016,NOV,18232
A_30015421050000,2016,DEC,16055
A_30015421050000,2017,JAN,12204
A_30015421050000,2017,FEB,13064
A_30015421050000,2017,MAR,10329
A_30015421050000,2017,APR,8328
A_30015421050000,2017,MAY,7193
A_30015421050000,2017,JUN,6555
A_30015421050000,2017,JUL,5354
A_30015421050000,2017,AUG,4508
A_30015421050000,2017,SEP,3170
A_30015421050000,2017,OCT,3956
A_30015421050000,2017,NOV,4631
A_30015421050000,2017,DEC,4396
A_30015421050000,2018,JAN,3997
A_30015421050000,2018,FEB,3769
A_30015421050000,2018,MAR,3668
A_30015421050000,2018,APR,3394
A_30015421050000,2018,MAY,3486
A_30015421130000,2015,MAR,19826
A_30015421130000,2015,APR,19921
A_30015421130000,2015,MAY,16874
A_30015421130000,2015,JUN,11843
A_30015421130000,2015,JUL,3916
A_30015421130000,2015,AUG,7181
A_30015421130000,2015,SEP,8846
A_30015421130000,2015,OCT,13024
A_30015421130000,2015,NOV,10886
A_30015421130000,2015,DEC,8495
A_30015421130000,2016,JAN,8065
A_30015421130000,2016,FEB,7468
A_30015421130000,2016,MAR,6941
A_30015421130000,2016,APR,7321
A_30015421130000,2016,MAY,6611
A_30015421130000,2016,JUN,5525
A_30015421130000,2016,JUL,5702
A_30015421130000,2016,AUG,5903
A_30015421130000,2016,SEP,5273
A_30015421130000,2016,OCT,4907
A_30015421130000,2016,NOV,4070
A_30015421130000,2016,DEC,4551
A_30015421130000,2017,JAN,4334
A_30015421130000,2017,FEB,3909
A_30015421130000,2017,MAR,4112
A_30015421130000,2017,APR,3651
A_30015421130000,2017,MAY,3752
A_30015421130000,2017,JUN,4264
A_30015421130000,2017,JUL,3507
A_30015421130000,2017,AUG,2923
A_30015421130000,2017,SEP,2890
A_30015421130000,2017,OCT,3017
A_30015421130000,2017,NOV,2623
A_30015421130000,2017,DEC,2056
A_30015421130000,2018,JAN,3237
A_30015421130000,2018,FEB,551
A_30015421130000,2018,MAR,967
A_30015421130000,2018,APR,967
A_30015421130000,2018,MAY,3079
A_30015421310000,2015,MAR,7122
A_30015421310000,2015,APR,10034
A_30015421310000,2015,MAY,2637
A_30015421310000,2015,JUN,7490
A_30015421310000,2015,JUL,4321
A_30015421310000,2015,AUG,3629
A_30015421310000,2015,SEP,2798
A_30015421310000,2015,OCT,1335
A_30015421310000,2015,NOV,857
A_30015421310000,2015,DEC,896
A_30015421310000,2016,JAN,1080
A_30015421310000,2016,FEB,1663
A_30015421310000,2016,MAR,1997
A_30015421310000,2016,APR,2110
A_30015421310000,2016,MAY,1853
A_30015421310000,2016,JUN,1633
A_30015421310000,2016,JUL,1533
A_30015421310000,2016,AUG,1446
A_30015421310000,2016,SEP,1677
A_30015421310000,2016,OCT,1564
A_30015421310000,2016,NOV,1390
A_30015421310000,2016,DEC,1297
A_30015421310000,2017,JAN,1325
A_30015421310000,2017,FEB,1049
A_30015421310000,2017,MAR,1241
A_30015421310000,2017,APR,1107
A_30015421310000,2017,MAY,995
A_30015421310000,2017,JUN,804
A_30015421310000,2017,JUL,545
A_30015421310000,2017,AUG,564
A_30015421310000,2017,SEP,985
A_30015421310000,2017,OCT,1258
A_30015421310000,2017,NOV,1452
A_30015421310000,2017,DEC,1333
A_30015421310000,2018,JAN,842
A_30015421310000,2018,FEB,520
A_30015421310000,2018,MAR,1792
A_30015421310000,2018,APR,1358
A_30015421310000,2018,MAY,1457
A_30015421390000,2015,MAY,11998
A_30015421390000,2015,JUN,15307
A_30015421390000,2015,JUL,15231
A_30015421390000,2015,AUG,10039
A_30015421390000,2015,SEP,9526
A_30015421390000,2015,OCT,9410
A_30015421390000,2015,NOV,8378
A_30015421410000,2015,MAR,9124
A_30015421410000,2015,APR,14930
A_30015421410000,2015,MAY,10984
A_30015421410000,2015,JUN,9362
A_30015421410000,2015,JUL,13281
A_30015421410000,2015,AUG,12335
A_30015421410000,2015,SEP,9360
A_30015421410000,2015,OCT,9285
A_30015421410000,2015,NOV,7570
A_30015421500000,2015,MAY,17617
A_30015421500000,2015,JUN,17758
A_30015421500000,2015,JUL,12276
A_30015421500000,2015,AUG,14900
A_30015421500000,2015,SEP,11754
A_30015421500000,2015,OCT,10736
A_30015421500000,2015,NOV,9097
A_30015421500000,2015,DEC,8199
A_30015421500000,2016,JAN,7364
A_30015421500000,2016,FEB,7202
A_30015421500000,2016,MAR,6501
A_30015421500000,2016,APR,6686
A_30015421500000,2016,MAY,7268
A_30015421500000,2016,JUN,5837
A_30015421500000,2016,JUL,5508
A_30015421500000,2016,AUG,5041
A_30015421500000,2016,SEP,4573
A_30015421500000,2016,OCT,4854
A_30015421500000,2016,NOV,4292
A_30015421500000,2016,DEC,4115
A_30015421500000,2017,JAN,3682
A_30015421500000,2017,FEB,3197
A_30015421610000,2015,NOV,26264
A_30015421610000,2015,DEC,30946
A_30015421610000,2016,JAN,21578
A_30015421610000,2016,FEB,22201
A_30015421610000,2016,MAR,11568
A_30015421610000,2016,APR,16973
A_30015421610000,2016,MAY,12736
A_30015421610000,2016,JUN,9701
A_30015421610000,2016,JUL,7886
A_30015421610000,2016,AUG,7344
A_30015421610000,2016,SEP,6298
A_30015421610000,2016,OCT,6262
A_30015421610000,2016,NOV,5069
A_30015421610000,2016,DEC,5487
A_30015421610000,2017,JAN,4850
A_30015421610000,2017,FEB,3955
A_30015421610000,2017,MAR,4482
A_30015421610000,2017,APR,3762
A_30015421610000,2017,MAY,3582
A_30015421610000,2017,JUN,3476
A_30015421610000,2017,JUL,3585
A_30015421610000,2017,AUG,3028
A_30015421610000,2017,SEP,3040
A_30015421610000,2017,OCT,3069
A_30015421610000,2017,NOV,2829
A_30015421610000,2017,DEC,2700
A_30015421610000,2018,JAN,2936
A_30015421610000,2018,FEB,2254
A_30015421610000,2018,MAR,2532
A_30015421610000,2018,APR,2562
A_30015421610000,2018,MAY,2435
A_30015421660000,2017,SEP,12417
A_30015421660000,2017,OCT,11653
A_30015421660000,2017,NOV,21337
A_30015421660000,2017,DEC,20219
A_30015421660000,2018,JAN,17746
A_30015421660000,2018,FEB,14530
A_30015421660000,2018,MAR,16065
A_30015421660000,2018,APR,13364
A_30015421660000,2018,MAY,13312
A_30015421700000,2017,JUL,1722
A_30015421700000,2017,AUG,18578
A_30015421700000,2017,SEP,11405
A_30015421700000,2017,OCT,11667
A_30015421700000,2017,NOV,25877
A_30015421700000,2017,DEC,26571
A_30015421700000,2018,JAN,24044
A_30015421700000,2018,FEB,19514
A_30015421700000,2018,MAR,18465
A_30015421700000,2018,APR,16643
A_30015421700000,2018,MAY,16089
A_30015421720000,2017,SEP,30052
A_30015421720000,2017,OCT,46045
A_30015421720000,2017,NOV,42036
A_30015421720000,2017,DEC,34182
A_30015421720000,2018,JAN,29242
A_30015421720000,2018,FEB,23490
A_30015421720000,2018,MAR,22165
A_30015421720000,2018,APR,18460
A_30015421720000,2018,MAY,14513
A_30015421730000,2017,SEP,38440
A_30015421730000,2017,OCT,46322
A_30015421730000,2017,NOV,43122
A_30015421730000,2017,DEC,37271
A_30015421730000,2018,JAN,32114
A_30015421730000,2018,FEB,24167
A_30015421730000,2018,MAR,20769
A_30015421730000,2018,APR,15675
A_30015421730000,2018,MAY,11434
A_30015421750000,2015,JAN,1948
A_30015421750000,2015,FEB,32629
A_30015421750000,2015,MAR,39318
A_30015421750000,2015,APR,32287
A_30015421750000,2015,MAY,24217
A_30015421750000,2015,JUN,19386
A_30015421750000,2015,JUL,14099
A_30015421750000,2015,AUG,16197
A_30015421750000,2015,SEP,11701
A_30015421750000,2015,OCT,10034
A_30015421750000,2015,NOV,8466
A_30015421750000,2015,DEC,6536
A_30015421750000,2016,JAN,7551
A_30015421750000,2016,FEB,7040
A_30015421750000,2016,MAR,5532
A_30015421750000,2016,APR,6610
A_30015421750000,2016,MAY,4510
A_30015421750000,2016,JUN,5079
A_30015421750000,2016,JUL,5312
A_30015421750000,2016,AUG,5076
A_30015421750000,2016,SEP,4822
A_30015421750000,2016,OCT,4705
A_30015421750000,2016,NOV,4347
A_30015421750000,2016,DEC,4136
A_30015421750000,2017,JAN,4095
A_30015421750000,2017,FEB,3672
A_30015421750000,2017,MAR,3669
A_30015421750000,2017,APR,3369
A_30015421750000,2017,MAY,2988
A_30015421750000,2017,JUN,2688
A_30015421750000,2017,JUL,3346
A_30015421750000,2017,AUG,1136
A_30015421750000,2017,SEP,3116
A_30015421750000,2017,OCT,4713
A_30015421750000,2017,NOV,3684
A_30015421750000,2017,DEC,3308
A_30015421750000,2018,JAN,3226
A_30015421750000,2018,FEB,2783
A_30015421750000,2018,MAR,2906
A_30015421750000,2018,APR,2641
A_30015421750000,2018,MAY,2190
A_30015421800000,2017,JAN,128
A_30015421800000,2017,FEB,35165
A_30015421800000,2017,MAR,45379
A_30015421800000,2017,APR,39832
A_30015421800000,2017,MAY,30595
A_30015421800000,2017,JUN,23648
A_30015421800000,2017,JUL,19566
A_30015421800000,2017,AUG,15856
A_30015421800000,2017,SEP,12386
A_30015421800000,2017,OCT,6936
A_30015421800000,2017,NOV,11431
A_30015421800000,2017,DEC,11527
A_30015421800000,2018,JAN,10293
A_30015421800000,2018,FEB,6559
A_30015421800000,2018,MAR,6314
A_30015421800000,2018,APR,4553
A_30015421800000,2018,MAY,4164
A_30015421810000,2017,JAN,687
A_30015421810000,2017,FEB,28464
A_30015421810000,2017,MAR,42995
A_30015421810000,2017,APR,35877
A_30015421810000,2017,MAY,23568
A_30015421810000,2017,JUN,22366
A_30015421810000,2017,JUL,18939
A_30015421810000,2017,AUG,15403
A_30015421810000,2017,SEP,12568
A_30015421810000,2017,OCT,6232
A_30015421810000,2017,NOV,11389
A_30015421810000,2017,DEC,11669
A_30015421810000,2018,JAN,9625
A_30015421810000,2018,FEB,7035
A_30015421810000,2018,MAR,7297
A_30015421810000,2018,APR,6436
A_30015421810000,2018,MAY,6211
A_30015421820000,2017,NOV,12542
A_30015421820000,2017,DEC,37429
A_30015421820000,2018,JAN,34051
A_30015421820000,2018,FEB,23634
A_30015421820000,2018,MAR,21810
A_30015421820000,2018,APR,16141
A_30015421820000,2018,MAY,12802
A_30015421860000,2015,FEB,5760
A_30015421860000,2015,MAR,8844
A_30015421860000,2015,APR,6067
A_30015421860000,2015,MAY,4471
A_30015421860000,2015,JUN,3274
A_30015421860000,2015,JUL,3344
A_30015421860000,2015,AUG,3112
A_30015421860000,2015,SEP,2678
A_30015421860000,2015,OCT,2348
A_30015421860000,2015,NOV,1768
A_30015421860000,2015,DEC,2275
A_30015421860000,2016,JAN,2995
A_30015421860000,2016,FEB,3346
A_30015421860000,2016,MAR,3290
A_30015421860000,2016,APR,3231
A_30015421860000,2016,MAY,3130
A_30015421860000,2016,JUN,2074
A_30015421860000,2016,JUL,2197
A_30015421860000,2016,AUG,1575
A_30015421860000,2016,SEP,1492
A_30015421860000,2016,OCT,1522
A_30015421860000,2016,NOV,1380
A_30015421860000,2016,DEC,1458
A_30015421860000,2017,JAN,1607
A_30015421860000,2017,FEB,1632
A_30015421860000,2017,MAR,1966
A_30015421860000,2017,APR,1966
A_30015421860000,2017,MAY,1503
A_30015421860000,2017,JUN,1164
A_30015421860000,2017,JUL,1420
A_30015421860000,2017,AUG,1280
A_30015421860000,2017,SEP,1317
A_30015421860000,2017,OCT,1335
A_30015421860000,2017,NOV,1085
A_30015421860000,2017,DEC,1286
A_30015421860000,2018,JAN,1180
A_30015421860000,2018,FEB,870
A_30015421860000,2018,MAR,1048
A_30015421860000,2018,APR,1005
A_30015421860000,2018,MAY,1012
A_30015421880000,2015,FEB,1961
A_30015421880000,2015,MAR,2603
A_30015421880000,2015,APR,1594
A_30015421880000,2015,MAY,1444
A_30015421880000,2015,JUN,960
A_30015421880000,2015,JUL,664
A_30015421880000,2015,AUG,866
A_30015421880000,2015,SEP,733
A_30015421880000,2015,OCT,632
A_30015421880000,2015,NOV,711
A_30015421880000,2015,DEC,707
A_30015421880000,2016,JAN,691
A_30015421880000,2016,FEB,615
A_30015421880000,2016,MAR,679
A_30015421880000,2016,APR,602
A_30015421880000,2016,MAY,657
A_30015421880000,2016,JUN,601
A_30015421880000,2016,JUL,596
A_30015421880000,2016,AUG,603
A_30015421880000,2016,SEP,529
A_30015421880000,2016,OCT,554
A_30015421880000,2016,NOV,526
A_30015421880000,2016,DEC,541
A_30015421880000,2017,JAN,513
A_30015421880000,2017,FEB,435
A_30015421880000,2017,MAR,383
A_30015421880000,2017,APR,290
A_30015421880000,2017,MAY,236
A_30015421880000,2017,JUN,211
A_30015421880000,2017,JUL,236
A_30015421880000,2017,AUG,238
A_30015421880000,2017,SEP,214
A_30015421880000,2017,OCT,160
A_30015421880000,2017,NOV,132
A_30015421880000,2017,DEC,104
A_30015421880000,2018,JAN,71
A_30015421880000,2018,FEB,60
A_30015421880000,2018,MAR,67
A_30015421880000,2018,APR,50
A_30015421880000,2018,MAY,30
A_30015422120000,2016,MAR,1665
A_30015422120000,2016,APR,1487
A_30015422120000,2016,MAY,1189
A_30015422120000,2016,JUN,1539
A_30015422120000,2016,JUL,912
A_30015422120000,2016,AUG,577
A_30015422120000,2016,SEP,581
A_30015422120000,2016,OCT,696
A_30015422120000,2016,NOV,579
A_30015422120000,2016,DEC,494
A_30015422120000,2017,JAN,479
A_30015422120000,2017,FEB,517
A_30015422120000,2017,MAR,531
A_30015422120000,2017,APR,371
A_30015422120000,2017,MAY,379
A_30015422120000,2017,JUN,242
A_30015422120000,2017,JUL,2611
A_30015422120000,2017,AUG,2561
A_30015422120000,2017,SEP,1679
A_30015422120000,2017,OCT,1311
A_30015422120000,2017,NOV,979
A_30015422120000,2017,DEC,927
A_30015422120000,2018,JAN,866
A_30015422120000,2018,FEB,960
A_30015422120000,2018,MAR,904
A_30015422120000,2018,APR,777
A_30015422120000,2018,MAY,715
A_30015422230000,2017,MAY,5323
A_30015422230000,2017,JUN,9607
A_30015422230000,2017,JUL,9292
A_30015422230000,2017,AUG,9247
A_30015422230000,2017,SEP,8697
A_30015422230000,2017,OCT,7483
A_30015422230000,2017,NOV,5329
A_30015422230000,2017,DEC,6065
A_30015422230000,2018,JAN,5278
A_30015422230000,2018,FEB,4637
A_30015422230000,2018,MAR,4595
A_30015422230000,2018,APR,4206
A_30015422230000,2018,MAY,3971
A_30015422240000,2015,JUN,99
A_30015422240000,2015,JUL,1193
A_30015422240000,2015,AUG,815
A_30015422240000,2015,SEP,211
A_30015422240000,2016,JAN,12
A_30015422240000,2016,MAY,0
A_30015422240000,2016,JUN,135
A_30015422240000,2016,SEP,42
A_30015422240000,2017,JAN,1299
A_30015422240000,2017,FEB,619
A_30015422240000,2017,MAR,715
A_30015422240000,2017,APR,584
A_30015422240000,2017,MAY,385
A_30015422240000,2017,JUL,0
A_30015422240000,2017,AUG,849
A_30015422240000,2017,SEP,485
A_30015422240000,2017,OCT,401
A_30015422240000,2017,NOV,382
A_30015422240000,2017,DEC,376
A_30015422240000,2018,JAN,376
A_30015422240000,2018,FEB,232
A_30015422240000,2018,MAR,310
A_30015422240000,2018,APR,263
A_30015422240000,2018,MAY,276
A_30015422260000,2015,JAN,1870
A_30015422260000,2015,FEB,2327
A_30015422260000,2015,MAR,1027
A_30015422260000,2015,APR,1168
A_30015422260000,2015,MAY,1080
A_30015422260000,2015,JUN,1025
A_30015422260000,2015,JUL,996
A_30015422260000,2015,AUG,719
A_30015422260000,2015,SEP,781
A_30015422260000,2015,OCT,773
A_30015422260000,2015,NOV,731
A_30015422260000,2015,DEC,703
A_30015422260000,2016,JAN,701
A_30015422260000,2016,FEB,544
A_30015422260000,2016,MAR,1008
A_30015422260000,2016,APR,1677
A_30015422260000,2016,MAY,1904
A_30015422260000,2016,JUN,1814
A_30015422260000,2016,JUL,1881
A_30015422260000,2016,AUG,1503
A_30015422260000,2016,SEP,1277
A_30015422260000,2016,OCT,1315
A_30015422260000,2016,NOV,1250
A_30015422260000,2016,DEC,1219
A_30015422260000,2017,JAN,1048
A_30015422260000,2017,FEB,766
A_30015422260000,2017,MAR,866
A_30015422260000,2017,APR,568
A_30015422260000,2017,MAY,636
A_30015422260000,2017,JUN,724
A_30015422260000,2017,JUL,852
A_30015422260000,2017,AUG,587
A_30015422260000,2017,SEP,437
A_30015422260000,2017,OCT,467
A_30015422260000,2017,NOV,465
A_30015422260000,2017,DEC,469
A_30015422260000,2018,JAN,466
A_30015422260000,2018,FEB,372
A_30015422260000,2018,MAR,279
A_30015422260000,2018,APR,246
A_30015422260000,2018,MAY,246
A_30015422360000,2016,JAN,10298
A_30015422360000,2016,FEB,15300
A_30015422360000,2016,MAR,12582
A_30015422360000,2016,APR,8805
A_30015422360000,2016,MAY,7944
A_30015422360000,2016,JUN,6227
A_30015422360000,2016,JUL,4551
A_30015422360000,2016,AUG,4178
A_30015422360000,2016,SEP,3799
A_30015422360000,2016,OCT,4460
A_30015422360000,2016,NOV,3178
A_30015422360000,2016,DEC,2459
A_30015422360000,2017,JAN,2708
A_30015422360000,2017,FEB,2894
A_30015422360000,2017,MAR,3117
A_30015422360000,2017,APR,2952
A_30015422360000,2017,MAY,2761
A_30015422360000,2017,JUN,2365
A_30015422360000,2017,JUL,2407
A_30015422360000,2017,AUG,2242
A_30015422360000,2017,SEP,2094
A_30015422360000,2017,OCT,2052
A_30015422360000,2017,NOV,2044
A_30015422360000,2017,DEC,1568
A_30015422360000,2018,JAN,1754
A_30015422360000,2018,FEB,1532
A_30015422360000,2018,MAR,1751
A_30015422360000,2018,APR,1684
A_30015422360000,2018,MAY,1553
A_30015422380000,2016,JAN,10437
A_30015422380000,2016,FEB,21183
A_30015422380000,2016,MAR,11055
A_30015422380000,2016,APR,8399
A_30015422380000,2016,MAY,7285
A_30015422380000,2016,JUN,6947
A_30015422380000,2016,JUL,5277
A_30015422380000,2016,AUG,5629
A_30015422380000,2016,SEP,4945
A_30015422380000,2016,OCT,4634
A_30015422380000,2016,NOV,3110
A_30015422380000,2016,DEC,3659
A_30015422380000,2017,JAN,2388
A_30015422380000,2017,FEB,3179
A_30015422380000,2017,MAR,3221
A_30015422380000,2017,APR,3052
A_30015422380000,2017,MAY,2913
A_30015422380000,2017,JUN,2797
A_30015422380000,2017,JUL,2608
A_30015422380000,2017,AUG,2491
A_30015422380000,2017,SEP,2290
A_30015422380000,2017,OCT,2210
A_30015422380000,2017,NOV,2359
A_30015422380000,2017,DEC,1944
A_30015422380000,2018,JAN,1999
A_30015422380000,2018,FEB,1802
A_30015422380000,2018,MAR,1881
A_30015422380000,2018,APR,1714
A_30015422380000,2018,MAY,1588
A_30015422470000,2015,JAN,0
A_30015422470000,2015,FEB,969
A_30015422470000,2015,MAR,2763
A_30015422470000,2015,APR,1948
A_30015422470000,2015,MAY,1932
A_30015422470000,2015,JUN,1695
A_30015422470000,2015,JUL,1357
A_30015422470000,2015,AUG,1207
A_30015422470000,2015,SEP,1356
A_30015422470000,2015,OCT,1211
A_30015422470000,2015,NOV,1198
A_30015422470000,2015,DEC,1003
A_30015422470000,2016,JAN,699
A_30015422470000,2016,FEB,795
A_30015422470000,2016,MAR,1427
A_30015422470000,2016,APR,1474
A_30015422470000,2016,MAY,1104
A_30015422470000,2016,JUN,954
A_30015422470000,2016,JUL,847
A_30015422470000,2016,AUG,788
A_30015422470000,2016,SEP,813
A_30015422470000,2016,OCT,608
A_30015422470000,2016,NOV,733
A_30015422470000,2016,DEC,862
A_30015422470000,2017,JAN,727
A_30015422470000,2017,FEB,752
A_30015422470000,2017,MAR,661
A_30015422470000,2017,APR,808
A_30015422470000,2017,MAY,584
A_30015422470000,2017,JUN,531
A_30015422470000,2017,JUL,626
A_30015422470000,2017,AUG,437
A_30015422470000,2017,SEP,421
A_30015422470000,2017,OCT,569
A_30015422470000,2017,NOV,564
A_30015422470000,2017,DEC,419
A_30015422470000,2018,JAN,467
A_30015422470000,2018,FEB,477
A_30015422470000,2018,MAR,538
A_30015422470000,2018,APR,405
A_30015422470000,2018,MAY,515
A_30015422640000,2016,SEP,0
A_30015422640000,2016,OCT,8731
A_30015422640000,2016,NOV,30240
A_30015422640000,2016,DEC,19141
A_30015422640000,2017,JAN,14405
A_30015422640000,2017,FEB,8607
A_30015422640000,2017,MAR,7205
A_30015422640000,2017,APR,3145
A_30015422640000,2017,MAY,2553
A_30015422640000,2017,JUN,3573
A_30015422640000,2017,JUL,3990
A_30015422640000,2017,AUG,2814
A_30015422640000,2017,SEP,1975
A_30015422640000,2017,OCT,1471
A_30015422640000,2017,NOV,1440
A_30015422640000,2017,DEC,1552
A_30015422640000,2018,JAN,726
A_30015422640000,2018,FEB,0
A_30015422640000,2018,MAR,2
A_30015422640000,2018,APR,49
A_30015422640000,2018,MAY,379
A_30015422700000,2015,AUG,12449
A_30015422700000,2015,SEP,9407
A_30015422700000,2015,OCT,5691
A_30015422700000,2015,NOV,3787
A_30015422700000,2015,DEC,1994
A_30015422700000,2016,JAN,0
A_30015422700000,2016,MAY,2847
A_30015422700000,2016,JUN,3402
A_30015422700000,2016,JUL,2554
A_30015422700000,2016,AUG,2533
A_30015422700000,2016,SEP,2143
A_30015422700000,2016,OCT,1933
A_30015422700000,2016,NOV,1738
A_30015422700000,2016,DEC,1400
A_30015422700000,2017,JAN,1227
A_30015422700000,2017,FEB,1837
A_30015422700000,2017,MAR,1324
A_30015422700000,2017,APR,1171
A_30015422700000,2017,MAY,1028
A_30015422700000,2017,JUN,1011
A_30015422700000,2017,JUL,1139
A_30015422700000,2017,AUG,948
A_30015422700000,2017,SEP,909
A_30015422700000,2017,OCT,1124
A_30015422700000,2017,NOV,1005
A_30015422700000,2017,DEC,603
A_30015422700000,2018,JAN,861
A_30015422700000,2018,FEB,915
A_30015422700000,2018,MAR,862
A_30015422700000,2018,APR,760
A_30015422700000,2018,MAY,429
A_30015422730000,2015,NOV,37281
A_30015422730000,2015,DEC,30022
A_30015422730000,2016,JAN,22520
A_30015422730000,2016,FEB,22029
A_30015422730000,2016,MAR,15721
A_30015422730000,2016,APR,13383
A_30015422730000,2016,MAY,11181
A_30015422730000,2016,JUN,8409
A_30015422730000,2016,JUL,8709
A_30015422730000,2016,AUG,7984
A_30015422730000,2016,SEP,7342
A_30015422730000,2016,OCT,6145
A_30015422730000,2016,NOV,4998
A_30015422730000,2016,DEC,4992
A_30015422730000,2017,JAN,4889
A_30015422730000,2017,FEB,4004
A_30015422730000,2017,MAR,4740
A_30015422730000,2017,APR,3952
A_30015422730000,2017,MAY,4064
A_30015422730000,2017,JUN,2634
A_30015422730000,2017,JUL,3206
A_30015422730000,2017,AUG,4682
A_30015422730000,2017,SEP,3741
A_30015422730000,2017,OCT,3828
A_30015422730000,2017,NOV,3066
A_30015422730000,2017,DEC,3215
A_30015422730000,2018,JAN,3448
A_30015422730000,2018,FEB,2915
A_30015422730000,2018,MAR,3440
A_30015422730000,2018,APR,3085
A_30015422730000,2018,MAY,3274
A_30015422810000,2016,MAR,10395
A_30015422810000,2016,APR,9112
A_30015422810000,2016,MAY,6590
A_30015422810000,2016,JUN,4478
A_30015422810000,2016,JUL,4038
A_30015422810000,2016,AUG,3185
A_30015422810000,2016,SEP,2604
A_30015422810000,2016,OCT,2500
A_30015422810000,2016,NOV,2218
A_30015422810000,2016,DEC,1882
A_30015422810000,2017,JAN,1995
A_30015422810000,2017,FEB,1690
A_30015422810000,2017,MAR,1771
A_30015422810000,2017,APR,1732
A_30015422810000,2017,MAY,1592
A_30015422810000,2017,JUN,1377
A_30015422810000,2017,JUL,1466
A_30015422810000,2017,AUG,1239
A_30015422810000,2017,SEP,581
A_30015422810000,2017,OCT,964
A_30015422810000,2017,NOV,1440
A_30015422810000,2017,DEC,987
A_30015422810000,2018,JAN,1146
A_30015422810000,2018,FEB,1120
A_30015422810000,2018,MAR,1105
A_30015422810000,2018,APR,1035
A_30015422810000,2018,MAY,838
A_30015422820000,2018,APR,24040
A_30015422820000,2018,MAY,22264
A_30015422850000,2015,JAN,8998
A_30015422850000,2015,FEB,6865
A_30015422850000,2015,MAR,6174
A_30015422850000,2015,APR,4189
A_30015422850000,2015,MAY,3459
A_30015422850000,2015,JUN,2845
A_30015422850000,2015,JUL,2170
A_30015422850000,2015,AUG,2457
A_30015422850000,2015,SEP,2032
A_30015422850000,2015,OCT,1970
A_30015422850000,2015,NOV,1686
A_30015422850000,2015,DEC,984
A_30015422850000,2016,JAN,0
A_30015422850000,2016,MAY,2780
A_30015422850000,2016,JUN,1480
A_30015422850000,2016,JUL,1680
A_30015422850000,2016,AUG,1604
A_30015422850000,2016,SEP,1405
A_30015422850000,2016,OCT,1414
A_30015422850000,2016,NOV,1261
A_30015422850000,2016,DEC,842
A_30015422850000,2017,JAN,1714
A_30015422850000,2017,FEB,908
A_30015422850000,2017,MAR,1195
A_30015422850000,2017,APR,1257
A_30015422850000,2017,MAY,1393
A_30015422850000,2017,JUN,1107
A_30015422850000,2017,JUL,1106
A_30015422850000,2017,AUG,1013
A_30015422850000,2017,SEP,603
A_30015422850000,2017,OCT,783
A_30015422850000,2017,NOV,1451
A_30015422850000,2017,DEC,1268
A_30015422850000,2018,JAN,897
A_30015422850000,2018,FEB,740
A_30015422850000,2018,MAR,0
A_30015422850000,2018,APR,395
A_30015422850000,2018,MAY,355
A_30015422900000,2015,FEB,11055
A_30015422900000,2015,MAR,13469
A_30015422900000,2015,APR,12044
A_30015422900000,2015,MAY,10109
A_30015422900000,2015,JUN,7205
A_30015422900000,2015,JUL,5172
A_30015422900000,2015,AUG,5046
A_30015422900000,2015,SEP,3641
A_30015422900000,2015,OCT,4392
A_30015422900000,2015,NOV,3666
A_30015422900000,2015,DEC,4069
A_30015422900000,2016,JAN,1796
A_30015422900000,2016,FEB,3019
A_30015422900000,2016,MAR,2455
A_30015422900000,2016,APR,1759
A_30015422900000,2016,MAY,3034
A_30015422900000,2016,JUN,2697
A_30015422900000,2016,JUL,2336
A_30015422900000,2016,AUG,1760
A_30015422900000,2016,SEP,1909
A_30015422900000,2016,OCT,1676
A_30015422900000,2016,NOV,2064
A_30015422900000,2016,DEC,1775
A_30015422900000,2017,JAN,2486
A_30015422900000,2017,FEB,1626
A_30015422910000,2017,APR,11485
A_30015422910000,2017,MAY,17383
A_30015422910000,2017,JUN,6838
A_30015422910000,2017,JUL,10258
A_30015422910000,2017,AUG,8684
A_30015422910000,2017,SEP,7952
A_30015422910000,2017,OCT,6824
A_30015422910000,2017,NOV,5541
A_30015422910000,2017,DEC,5518
A_30015422910000,2018,JAN,4203
A_30015422910000,2018,FEB,4973
A_30015422910000,2018,MAR,0
A_30015422910000,2018,APR,3586
A_30015422910000,2018,MAY,3573
A_30015422930000,2015,SEP,1183
A_30015422930000,2015,OCT,3185
A_30015422930000,2015,NOV,4646
A_30015422930000,2015,DEC,2337
A_30015422930000,2016,JAN,3169
A_30015422930000,2016,FEB,11190
A_30015422930000,2016,MAR,11015
A_30015422930000,2016,APR,7124
A_30015422930000,2016,MAY,5389
A_30015422930000,2016,JUN,2976
A_30015422930000,2016,JUL,4881
A_30015422930000,2016,AUG,2369
A_30015422930000,2016,SEP,2435
A_30015422930000,2016,OCT,2096
A_30015422930000,2016,NOV,3196
A_30015422930000,2016,DEC,1494
A_30015422930000,2017,JAN,2774
A_30015422930000,2017,FEB,3435
A_30015423120000,2016,MAR,477
A_30015423120000,2016,APR,45
A_30015423120000,2017,MAR,825
A_30015423120000,2017,APR,3777
A_30015423120000,2017,MAY,3856
A_30015423120000,2017,JUN,3508
A_30015423120000,2017,JUL,2526
A_30015423120000,2017,AUG,1666
A_30015423120000,2017,SEP,1626
A_30015423120000,2017,OCT,1216
A_30015423120000,2017,NOV,981
A_30015423120000,2017,DEC,1231
A_30015423120000,2018,JAN,1108
A_30015423120000,2018,FEB,862
A_30015423120000,2018,MAR,854
A_30015423120000,2018,APR,682
A_30015423120000,2018,MAY,825
A_30015423160000,2015,APR,10377
A_30015423160000,2015,MAY,6234
A_30015423160000,2015,JUN,2590
A_30015423160000,2015,JUL,2716
A_30015423160000,2015,AUG,3561
A_30015423160000,2015,SEP,4246
A_30015423160000,2015,OCT,3012
A_30015423160000,2015,NOV,840
A_30015423160000,2015,DEC,1726
A_30015423160000,2016,JAN,77
A_30015423160000,2016,FEB,1420
A_30015423160000,2016,MAR,2532
A_30015423160000,2016,APR,2636
A_30015423160000,2016,MAY,1726
A_30015423160000,2016,JUN,1442
A_30015423160000,2016,JUL,1710
A_30015423160000,2016,AUG,704
A_30015423160000,2016,SEP,1426
A_30015423160000,2016,OCT,1364
A_30015423160000,2016,NOV,967
A_30015423160000,2016,DEC,1071
A_30015423160000,2017,JAN,873
A_30015423160000,2017,FEB,842
A_30015423160000,2017,MAR,739
A_30015423160000,2017,APR,284
A_30015423160000,2017,MAY,346
A_30015423160000,2017,JUN,381
A_30015423160000,2017,JUL,366
A_30015423160000,2017,AUG,485
A_30015423160000,2017,SEP,348
A_30015423160000,2017,OCT,424
A_30015423160000,2017,NOV,236
A_30015423160000,2017,DEC,473
A_30015423160000,2018,JAN,452
A_30015423160000,2018,FEB,202
A_30015423160000,2018,MAR,427
A_30015423160000,2018,APR,297
A_30015423160000,2018,MAY,310
A_30015423180000,2015,APR,11682
A_30015423180000,2015,MAY,10043
A_30015423180000,2015,JUN,1129
A_30015423180000,2015,JUL,417
A_30015423180000,2015,AUG,13831
A_30015423180000,2015,SEP,12700
A_30015423180000,2015,OCT,10462
A_30015423180000,2015,NOV,6764
A_30015423180000,2015,DEC,9777
A_30015423180000,2016,JAN,10425
A_30015423180000,2016,FEB,6662
A_30015423180000,2016,MAR,8407
A_30015423180000,2016,APR,7782
A_30015423180000,2016,MAY,6396
A_30015423180000,2016,JUN,5772
A_30015423180000,2016,JUL,3751
A_30015423180000,2016,AUG,4345
A_30015423180000,2016,SEP,3843
A_30015423180000,2016,OCT,2335
A_30015423180000,2016,NOV,3711
A_30015423180000,2016,DEC,3576
A_30015423180000,2017,JAN,991
A_30015423180000,2017,FEB,2799
A_30015423180000,2017,MAR,2315
A_30015423180000,2017,APR,2142
A_30015423180000,2017,MAY,2498
A_30015423180000,2017,JUN,2153
A_30015423180000,2017,JUL,2199
A_30015423180000,2017,AUG,1015
A_30015423180000,2017,SEP,2558
A_30015423180000,2017,OCT,2835
A_30015423180000,2017,NOV,2902
A_30015423180000,2017,DEC,2653
A_30015423180000,2018,JAN,1671
A_30015423180000,2018,FEB,1631
A_30015423180000,2018,MAR,2347
A_30015423180000,2018,APR,2347
A_30015423180000,2018,MAY,1568
A_30015423210000,2015,APR,0
A_30015423210000,2015,MAY,24650
A_30015423210000,2015,JUN,20166
A_30015423210000,2015,JUL,17939
A_30015423210000,2015,AUG,1246
A_30015423210000,2015,OCT,14865
A_30015423210000,2015,NOV,11659
A_30015423210000,2015,DEC,7100
A_30015423210000,2016,JAN,10261
A_30015423210000,2016,FEB,12694
A_30015423210000,2016,MAR,11924
A_30015423210000,2016,APR,10930
A_30015423210000,2016,MAY,9151
A_30015423210000,2016,JUN,6302
A_30015423210000,2016,JUL,8564
A_30015423210000,2016,AUG,7116
A_30015423210000,2016,SEP,6825
A_30015423210000,2016,OCT,5808
A_30015423210000,2016,NOV,6104
A_30015423210000,2016,DEC,5211
A_30015423210000,2017,JAN,4036
A_30015423210000,2017,FEB,4566
A_30015423210000,2017,MAR,4485
A_30015423210000,2017,APR,4526
A_30015423210000,2017,MAY,3940
A_30015423210000,2017,JUN,3960
A_30015423210000,2017,JUL,4160
A_30015423210000,2017,AUG,3406
A_30015423210000,2017,SEP,2207
A_30015423210000,2017,OCT,4676
A_30015423210000,2017,NOV,3560
A_30015423210000,2017,DEC,3511
A_30015423210000,2018,JAN,3246
A_30015423210000,2018,FEB,3238
A_30015423210000,2018,MAR,3024
A_30015423210000,2018,APR,2618
A_30015423210000,2018,MAY,3325
A_30015423250000,2015,JAN,1722
A_30015423250000,2015,FEB,4473
A_30015423250000,2015,MAR,3097
A_30015423250000,2015,APR,1526
A_30015423250000,2015,MAY,737
A_30015423250000,2015,JUN,1216
A_30015423250000,2015,JUL,1686
A_30015423250000,2015,AUG,1358
A_30015423250000,2015,SEP,1257
A_30015423250000,2015,OCT,984
A_30015423250000,2015,NOV,613
A_30015423250000,2015,DEC,539
A_30015423250000,2016,JAN,584
A_30015423250000,2016,FEB,584
A_30015423250000,2016,MAR,467
A_30015423250000,2016,APR,559
A_30015423250000,2016,MAY,544
A_30015423250000,2016,JUN,507
A_30015423250000,2016,JUL,590
A_30015423250000,2016,AUG,483
A_30015423250000,2016,SEP,428
A_30015423250000,2016,OCT,321
A_30015423250000,2016,NOV,573
A_30015423250000,2016,DEC,405
A_30015423250000,2017,JAN,553
A_30015423250000,2017,FEB,484
A_30015423250000,2017,MAR,534
A_30015423250000,2017,APR,409
A_30015423250000,2017,MAY,453
A_30015423250000,2017,JUN,357
A_30015423250000,2017,JUL,328
A_30015423250000,2017,AUG,342
A_30015423250000,2017,SEP,380
A_30015423250000,2017,OCT,363
A_30015423250000,2017,NOV,567
A_30015423250000,2017,DEC,287
A_30015423250000,2018,JAN,447
A_30015423250000,2018,FEB,467
A_30015423250000,2018,MAR,566
A_30015423250000,2018,APR,356
A_30015423250000,2018,MAY,368
A_30015423270000,2015,JAN,690
A_30015423270000,2015,FEB,12366
A_30015423270000,2015,MAR,13928
A_30015423270000,2015,APR,12759
A_30015423270000,2015,MAY,9704
A_30015423270000,2015,JUN,7057
A_30015423270000,2015,JUL,6299
A_30015423270000,2015,AUG,5566
A_30015423270000,2015,SEP,4704
A_30015423270000,2015,OCT,4527
A_30015423270000,2015,NOV,4205
A_30015423270000,2015,DEC,3436
A_30015423270000,2016,JAN,3977
A_30015423270000,2016,FEB,3423
A_30015423270000,2016,MAR,3249
A_30015423270000,2016,APR,3295
A_30015423270000,2016,MAY,2913
A_30015423270000,2016,JUN,2764
A_30015423270000,2016,JUL,2601
A_30015423270000,2016,AUG,2508
A_30015423270000,2016,SEP,2445
A_30015423270000,2016,OCT,2411
A_30015423270000,2016,NOV,2088
A_30015423270000,2016,DEC,2079
A_30015423270000,2017,JAN,2469
A_30015423270000,2017,FEB,2211
A_30015423270000,2017,MAR,2156
A_30015423270000,2017,APR,1963
A_30015423270000,2017,MAY,1769
A_30015423270000,2017,JUN,1743
A_30015423270000,2017,JUL,828
A_30015423270000,2017,AUG,1224
A_30015423270000,2017,SEP,1327
A_30015423270000,2017,OCT,1786
A_30015423270000,2017,NOV,1854
A_30015423270000,2017,DEC,1689
A_30015423270000,2018,JAN,1214
A_30015423270000,2018,MAR,301
A_30015423270000,2018,APR,1581
A_30015423270000,2018,MAY,1096
A_30015423310000,2015,APR,18731
A_30015423310000,2015,MAY,16925
A_30015423310000,2015,JUN,16027
A_30015423310000,2015,JUL,11232
A_30015423310000,2015,AUG,9152
A_30015423310000,2015,SEP,10602
A_30015423310000,2015,OCT,9475
A_30015423310000,2015,NOV,8153
A_30015423310000,2015,DEC,7829
A_30015423310000,2016,JAN,7481
A_30015423310000,2016,FEB,6150
A_30015423310000,2016,MAR,5940
A_30015423310000,2016,APR,5219
A_30015423310000,2016,MAY,4837
A_30015423310000,2016,JUN,4281
A_30015423310000,2016,JUL,3738
A_30015423310000,2016,AUG,4298
A_30015423310000,2016,SEP,4133
A_30015423310000,2016,OCT,3759
A_30015423310000,2016,NOV,4012
A_30015423310000,2016,DEC,4173
A_30015423310000,2017,JAN,4033
A_30015423310000,2017,FEB,3359
A_30015423310000,2017,MAR,3456
A_30015423310000,2017,APR,3504
A_30015423310000,2017,MAY,4372
A_30015423310000,2017,JUN,3804
A_30015423310000,2017,JUL,3930
A_30015423310000,2017,AUG,3226
A_30015423310000,2017,SEP,2835
A_30015423310000,2017,OCT,2906
A_30015423310000,2017,NOV,2627
A_30015423310000,2017,DEC,2931
A_30015423310000,2018,JAN,2602
A_30015423310000,2018,FEB,840
A_30015423310000,2018,MAR,1182
A_30015423310000,2018,APR,1182
A_30015423310000,2018,MAY,2766
A_30015423450000,2016,JAN,8404
A_30015423450000,2016,FEB,11447
A_30015423450000,2016,MAR,9529
A_30015423450000,2016,APR,5262
A_30015423450000,2016,MAY,2164
A_30015423450000,2016,JUN,6374
A_30015423450000,2016,JUL,5484
A_30015423450000,2016,AUG,4603
A_30015423450000,2016,SEP,3682
A_30015423450000,2016,OCT,3475
A_30015423450000,2016,NOV,4082
A_30015423450000,2016,DEC,3579
A_30015423450000,2017,JAN,3509
A_30015423450000,2017,FEB,2608
A_30015423450000,2017,MAR,1363
A_30015423450000,2017,APR,2303
A_30015423450000,2017,MAY,2252
A_30015423450000,2017,JUN,2289
A_30015423450000,2017,JUL,2088
A_30015423450000,2017,AUG,1715
A_30015423450000,2017,SEP,1817
A_30015423450000,2017,OCT,2117
A_30015423450000,2017,NOV,2030
A_30015423450000,2017,DEC,1927
A_30015423450000,2018,JAN,1351
A_30015423450000,2018,FEB,2009
A_30015423450000,2018,MAR,1654
A_30015423450000,2018,APR,1321
A_30015423450000,2018,MAY,1551
A_30015423460000,2016,JAN,751
A_30015423460000,2016,FEB,7946
A_30015423460000,2016,MAR,7650
A_30015423460000,2016,APR,6481
A_30015423460000,2016,MAY,4557
A_30015423460000,2016,JUN,247
A_30015423460000,2016,AUG,2100
A_30015423460000,2016,SEP,2479
A_30015423460000,2016,OCT,292
A_30015423460000,2016,NOV,1889
A_30015423460000,2016,DEC,2555
A_30015423460000,2017,JAN,885
A_30015423460000,2017,FEB,1270
A_30015423460000,2017,MAR,1033
A_30015423460000,2017,APR,51
A_30015423460000,2017,MAY,434
A_30015423460000,2017,JUN,1244
A_30015423460000,2017,JUL,2209
A_30015423460000,2017,AUG,2073
A_30015423460000,2017,SEP,2056
A_30015423460000,2017,OCT,2361
A_30015423460000,2017,NOV,1928
A_30015423460000,2017,DEC,1039
A_30015423460000,2018,JAN,1436
A_30015423460000,2018,FEB,1243
A_30015423460000,2018,MAR,1613
A_30015423460000,2018,APR,1462
A_30015423460000,2018,MAY,1412
A_30015423470000,2015,FEB,0
A_30015423470000,2015,MAR,1028
A_30015423470000,2015,APR,3701
A_30015423470000,2015,MAY,2972
A_30015423470000,2015,JUN,3555
A_30015423470000,2015,JUL,2787
A_30015423470000,2015,AUG,2485
A_30015423470000,2015,SEP,2003
A_30015423470000,2015,OCT,1674
A_30015423470000,2015,NOV,1429
A_30015423470000,2015,DEC,905
A_30015423470000,2016,JAN,1000
A_30015423470000,2016,FEB,1088
A_30015423470000,2016,MAR,1288
A_30015423470000,2016,APR,921
A_30015423470000,2016,MAY,743
A_30015423470000,2016,JUN,548
A_30015423470000,2016,JUL,595
A_30015423470000,2016,AUG,740
A_30015423470000,2016,SEP,837
A_30015423470000,2016,OCT,607
A_30015423470000,2016,NOV,522
A_30015423470000,2016,DEC,473
A_30015423470000,2017,JAN,302
A_30015423470000,2017,FEB,223
A_30015423470000,2017,MAR,187
A_30015423470000,2017,APR,120
A_30015423470000,2017,MAY,479
A_30015423470000,2017,JUN,125
A_30015423470000,2017,JUL,494
A_30015423470000,2017,AUG,231
A_30015423470000,2017,SEP,436
A_30015423470000,2017,OCT,302
A_30015423470000,2017,DEC,133
A_30015423470000,2018,JAN,940
A_30015423470000,2018,FEB,893
A_30015423470000,2018,MAR,816
A_30015423470000,2018,APR,812
A_30015423470000,2018,MAY,950
A_30015423520000,2015,MAY,3683
A_30015423520000,2015,JUN,5579
A_30015423520000,2015,JUL,3930
A_30015423520000,2015,AUG,2800
A_30015423520000,2015,SEP,2273
A_30015423520000,2015,OCT,2238
A_30015423520000,2015,NOV,1197
A_30015423520000,2015,DEC,1756
A_30015423520000,2016,JAN,1898
A_30015423520000,2016,FEB,1586
A_30015423520000,2016,MAR,1548
A_30015423520000,2016,APR,1205
A_30015423520000,2016,MAY,1294
A_30015423520000,2016,JUN,1174
A_30015423520000,2016,JUL,1116
A_30015423520000,2016,AUG,800
A_30015423520000,2016,SEP,1146
A_30015423520000,2016,OCT,1250
A_30015423520000,2016,NOV,1049
A_30015423520000,2016,DEC,948
A_30015423520000,2017,JAN,853
A_30015423520000,2017,FEB,822
A_30015423520000,2017,MAR,872
A_30015423520000,2017,APR,650
A_30015423520000,2017,MAY,836
A_30015423520000,2017,JUN,751
A_30015423520000,2017,JUL,799
A_30015423520000,2017,AUG,722
A_30015423520000,2017,SEP,703
A_30015423520000,2017,OCT,618
A_30015423520000,2017,NOV,729
A_30015423520000,2017,DEC,614
A_30015423520000,2018,JAN,393
A_30015423520000,2018,FEB,622
A_30015423520000,2018,MAR,601
A_30015423520000,2018,APR,587
A_30015423520000,2018,MAY,590
A_30015423570000,2016,NOV,176
A_30015423570000,2016,DEC,4234
A_30015423570000,2017,JAN,3959
A_30015423570000,2017,FEB,3840
A_30015423570000,2017,MAR,4127
A_30015423570000,2017,APR,3898
A_30015423570000,2017,MAY,2571
A_30015423570000,2017,JUN,3451
A_30015423570000,2017,JUL,3209
A_30015423570000,2017,AUG,3515
A_30015423570000,2017,SEP,2647
A_30015423570000,2017,OCT,2531
A_30015423570000,2017,NOV,2454
A_30015423570000,2017,DEC,1601
A_30015423570000,2018,JAN,129
A_30015423570000,2018,FEB,804
A_30015423570000,2018,MAR,2370
A_30015423570000,2018,APR,1856
A_30015423570000,2018,MAY,1493
A_30015423700000,2015,JAN,2014
A_30015423700000,2015,FEB,993
A_30015423700000,2015,MAR,901
A_30015423700000,2015,APR,0
A_30015423700000,2015,MAY,6161
A_30015423700000,2015,JUN,5437
A_30015423700000,2015,JUL,6944
A_30015423700000,2015,AUG,7178
A_30015423700000,2015,SEP,2310
A_30015423700000,2015,OCT,3303
A_30015423700000,2015,NOV,4042
A_30015423700000,2015,DEC,3489
A_30015423700000,2016,JAN,2515
A_30015423700000,2016,FEB,2973
A_30015423700000,2016,MAR,3496
A_30015423700000,2016,APR,3018
A_30015423700000,2016,MAY,2635
A_30015423700000,2016,JUN,2391
A_30015423700000,2016,JUL,2405
A_30015423700000,2016,AUG,2370
A_30015423700000,2016,SEP,2123
A_30015423700000,2016,OCT,1643
A_30015423700000,2016,NOV,1578
A_30015423700000,2016,DEC,1349
A_30015423700000,2017,JAN,1254
A_30015423700000,2017,FEB,1197
A_30015423700000,2017,MAR,1109
A_30015423700000,2017,APR,1220
A_30015423700000,2017,MAY,1156
A_30015423700000,2017,JUN,607
A_30015423700000,2017,JUL,889
A_30015423700000,2017,AUG,934
A_30015423700000,2017,SEP,358
A_30015423700000,2017,OCT,589
A_30015423700000,2017,NOV,881
A_30015423700000,2017,DEC,997
A_30015423700000,2018,JAN,740
A_30015423700000,2018,FEB,1167
A_30015423700000,2018,MAR,1263
A_30015423700000,2018,APR,804
A_30015423700000,2018,MAY,1517
A_30015423710000,2015,MAR,0
A_30015423710000,2015,APR,2486
A_30015423710000,2015,MAY,6969
A_30015423710000,2015,JUN,7861
A_30015423710000,2015,JUL,7516
A_30015423710000,2015,AUG,3156
A_30015423710000,2015,SEP,2154
A_30015423710000,2015,OCT,3649
A_30015423710000,2015,NOV,2787
A_30015423710000,2015,DEC,2217
A_30015423710000,2016,JAN,1194
A_30015423710000,2016,FEB,1962
A_30015423710000,2016,MAR,2575
A_30015423710000,2016,APR,1658
A_30015423710000,2016,MAY,1520
A_30015423710000,2016,JUN,1252
A_30015423710000,2016,JUL,1472
A_30015423710000,2016,AUG,1244
A_30015423710000,2016,SEP,1034
A_30015423710000,2016,OCT,1058
A_30015423710000,2016,NOV,712
A_30015423710000,2016,DEC,607
A_30015423710000,2017,JAN,821
A_30015423710000,2017,FEB,877
A_30015423710000,2017,MAR,778
A_30015423710000,2017,APR,303
A_30015423710000,2017,MAY,689
A_30015423710000,2017,JUN,565
A_30015423710000,2017,JUL,638
A_30015423710000,2017,AUG,667
A_30015423710000,2017,SEP,512
A_30015423710000,2017,OCT,436
A_30015423710000,2017,NOV,291
A_30015423710000,2017,DEC,580
A_30015423710000,2018,JAN,433
A_30015423710000,2018,FEB,407
A_30015423710000,2018,MAR,309
A_30015423710000,2018,APR,151
A_30015423710000,2018,MAY,85
A_30015423850000,2015,MAY,12581
A_30015423850000,2015,JUN,31575
A_30015423850000,2015,JUL,30854
A_30015423850000,2015,AUG,11763
A_30015423850000,2015,SEP,22593
A_30015423850000,2015,OCT,20776
A_30015423850000,2015,NOV,18748
A_30015423850000,2015,DEC,14392
A_30015423850000,2016,JAN,8195
A_30015423850000,2016,FEB,13349
A_30015423850000,2016,MAR,13626
A_30015423850000,2016,APR,12761
A_30015423850000,2016,MAY,11526
A_30015423850000,2016,JUN,10098
A_30015423850000,2016,JUL,9031
A_30015423850000,2016,AUG,8809
A_30015423850000,2016,SEP,8023
A_30015423850000,2016,OCT,7725
A_30015423850000,2016,NOV,6547
A_30015423850000,2016,DEC,3235
A_30015423850000,2017,JAN,5714
A_30015423850000,2017,FEB,6111
A_30015423850000,2017,MAR,6215
A_30015423850000,2017,APR,5020
A_30015423850000,2017,MAY,4753
A_30015423850000,2017,JUN,4745
A_30015423850000,2017,JUL,4870
A_30015423850000,2017,AUG,4528
A_30015423850000,2017,SEP,4315
A_30015423850000,2017,OCT,4319
A_30015423850000,2017,NOV,4118
A_30015423850000,2017,DEC,3908
A_30015423850000,2018,JAN,4126
A_30015423850000,2018,FEB,3397
A_30015423850000,2018,MAR,3724
A_30015423850000,2018,APR,4116
A_30015423850000,2018,MAY,4705
A_30015423860000,2015,MAY,7425
A_30015423860000,2015,JUN,23626
A_30015423860000,2015,JUL,22927
A_30015423860000,2015,AUG,10581
A_30015423860000,2015,SEP,26927
A_30015423860000,2015,OCT,26637
A_30015423860000,2015,NOV,23004
A_30015423860000,2015,DEC,16654
A_30015423860000,2016,JAN,9379
A_30015423860000,2016,FEB,15120
A_30015423860000,2016,MAR,16013
A_30015423860000,2016,APR,12476
A_30015423860000,2016,MAY,11615
A_30015423860000,2016,JUN,9735
A_30015423860000,2016,JUL,7629
A_30015423860000,2016,AUG,9631
A_30015423860000,2016,SEP,8341
A_30015423860000,2016,OCT,7559
A_30015423860000,2016,NOV,6965
A_30015423860000,2016,DEC,6901
A_30015423860000,2017,JAN,7074
A_30015423860000,2017,FEB,5838
A_30015423860000,2017,MAR,6124
A_30015423860000,2017,APR,6206
A_30015423860000,2017,MAY,5472
A_30015423860000,2017,JUN,5716
A_30015423860000,2017,JUL,4306
A_30015423860000,2017,AUG,5543
A_30015423860000,2017,SEP,6564
A_30015423860000,2017,OCT,5846
A_30015423860000,2017,NOV,5281
A_30015423860000,2017,DEC,4947
A_30015423860000,2018,JAN,5146
A_30015423860000,2018,FEB,4044
A_30015423860000,2018,MAR,4204
A_30015423860000,2018,APR,3951
A_30015423860000,2018,MAY,3421
A_30015423870000,2017,JUL,814
A_30015423870000,2017,AUG,34
A_30015423870000,2017,SEP,255
A_30015423870000,2017,OCT,216
A_30015423870000,2017,NOV,215
A_30015423870000,2017,DEC,188
A_30015423870000,2018,JAN,212
A_30015423870000,2018,FEB,350
A_30015423870000,2018,MAR,267
A_30015423870000,2018,APR,298
A_30015423870000,2018,MAY,128
A_30015423910000,2015,APR,0
A_30015423910000,2015,MAY,8585
A_30015423910000,2015,JUN,9953
A_30015423910000,2015,JUL,10697
A_30015423910000,2015,AUG,8978
A_30015423910000,2015,SEP,7960
A_30015423910000,2015,OCT,7836
A_30015423910000,2015,NOV,6717
A_30015423910000,2015,DEC,5887
A_30015423910000,2016,JAN,6509
A_30015423910000,2016,FEB,5608
A_30015423910000,2016,MAR,5492
A_30015423910000,2016,APR,5096
A_30015423910000,2016,MAY,4951
A_30015423910000,2016,JUN,4264
A_30015423910000,2016,JUL,4143
A_30015423910000,2016,AUG,4166
A_30015423910000,2016,SEP,3610
A_30015423910000,2016,OCT,3582
A_30015423910000,2016,NOV,3614
A_30015423910000,2016,DEC,3319
A_30015423910000,2017,JAN,3290
A_30015423910000,2017,FEB,2943
A_30015423910000,2017,MAR,3047
A_30015423910000,2017,APR,1919
A_30015423910000,2017,MAY,2897
A_30015423910000,2017,JUN,2799
A_30015423910000,2017,JUL,2805
A_30015423910000,2017,AUG,2478
A_30015423910000,2017,SEP,2711
A_30015423910000,2017,OCT,2655
A_30015423910000,2017,NOV,2367
A_30015423910000,2017,DEC,2261
A_30015423910000,2018,JAN,2348
A_30015423910000,2018,FEB,2030
A_30015423910000,2018,MAR,1880
A_30015423910000,2018,APR,1892
A_30015423910000,2018,MAY,1592
A_30015424040000,2015,FEB,17
A_30015424040000,2015,MAR,5074
A_30015424040000,2015,APR,7681
A_30015424040000,2015,MAY,4678
A_30015424040000,2015,JUN,3492
A_30015424040000,2015,JUL,2902
A_30015424040000,2015,AUG,2984
A_30015424040000,2015,SEP,2845
A_30015424040000,2015,OCT,1827
A_30015424040000,2015,NOV,1223
A_30015424040000,2015,DEC,1576
A_30015424040000,2016,JAN,389
A_30015424040000,2016,FEB,1619
A_30015424040000,2016,MAR,1362
A_30015424040000,2016,APR,1295
A_30015424040000,2016,MAY,675
A_30015424040000,2016,JUN,1719
A_30015424040000,2016,JUL,2650
A_30015424040000,2016,AUG,2633
A_30015424040000,2016,SEP,2391
A_30015424040000,2016,OCT,2258
A_30015424040000,2016,NOV,1983
A_30015424040000,2016,DEC,1726
A_30015424040000,2017,JAN,1715
A_30015424040000,2017,FEB,1487
A_30015424040000,2017,MAR,1558
A_30015424040000,2017,APR,1395
A_30015424040000,2017,MAY,1347
A_30015424040000,2017,JUN,1243
A_30015424040000,2017,JUL,1253
A_30015424040000,2017,AUG,1194
A_30015424040000,2017,SEP,1098
A_30015424040000,2017,OCT,1123
A_30015424040000,2017,NOV,955
A_30015424040000,2017,DEC,1043
A_30015424040000,2018,JAN,1022
A_30015424040000,2018,FEB,898
A_30015424040000,2018,MAR,961
A_30015424040000,2018,APR,896
A_30015424040000,2018,MAY,806
A_30015424070000,2015,AUG,3373
A_30015424070000,2015,SEP,13022
A_30015424070000,2015,OCT,11845
A_30015424070000,2015,NOV,11043
A_30015424070000,2015,DEC,8672
A_30015424070000,2016,JAN,6855
A_30015424070000,2016,FEB,7711
A_30015424070000,2016,MAR,7638
A_30015424070000,2016,APR,6732
A_30015424070000,2016,MAY,6567
A_30015424070000,2016,JUN,5978
A_30015424070000,2016,JUL,6475
A_30015424070000,2016,AUG,6176
A_30015424070000,2016,SEP,5585
A_30015424070000,2016,OCT,6966
A_30015424070000,2016,NOV,6356
A_30015424070000,2016,DEC,5084
A_30015424070000,2017,JAN,6232
A_30015424110000,2017,JUN,1204
A_30015424110000,2017,JUL,910
A_30015424110000,2017,AUG,566
A_30015424110000,2017,SEP,282
A_30015424110000,2017,OCT,247
A_30015424110000,2017,NOV,478
A_30015424110000,2017,DEC,312
A_30015424110000,2018,JAN,414
A_30015424110000,2018,FEB,403
A_30015424110000,2018,MAR,22
A_30015424110000,2018,APR,341
A_30015424110000,2018,MAY,380
A_30015424120000,2015,AUG,0
A_30015424120000,2015,SEP,3084
A_30015424120000,2015,OCT,7918
A_30015424120000,2015,NOV,3966
A_30015424120000,2015,DEC,2411
A_30015424120000,2016,JAN,2937
A_30015424120000,2016,FEB,1679
A_30015424120000,2016,MAR,1109
A_30015424120000,2016,APR,1287
A_30015424120000,2016,MAY,1422
A_30015424120000,2016,JUN,1219
A_30015424120000,2016,JUL,1189
A_30015424120000,2016,AUG,1095
A_30015424120000,2016,SEP,1340
A_30015424120000,2016,OCT,1398
A_30015424120000,2016,NOV,1021
A_30015424120000,2016,DEC,1132
A_30015424120000,2017,JAN,500
A_30015424120000,2017,FEB,981
A_30015424120000,2017,MAR,945
A_30015424120000,2017,APR,1000
A_30015424120000,2017,MAY,907
A_30015424120000,2017,JUN,907
A_30015424120000,2017,JUL,661
A_30015424120000,2017,AUG,309
A_30015424120000,2017,SEP,330
A_30015424120000,2017,OCT,883
A_30015424120000,2017,NOV,1050
A_30015424120000,2017,DEC,317
A_30015424120000,2018,JAN,927
A_30015424120000,2018,FEB,1040
A_30015424120000,2018,MAR,918
A_30015424120000,2018,APR,847
A_30015424120000,2018,MAY,843
A_30015424140000,2015,JAN,3735
A_30015424140000,2015,FEB,22948
A_30015424140000,2015,MAR,19517
A_30015424140000,2015,APR,18667
A_30015424140000,2015,MAY,10512
A_30015424140000,2015,JUN,5026
A_30015424140000,2015,JUL,969
A_30015424140000,2015,AUG,21019
A_30015424140000,2015,SEP,16793
A_30015424140000,2015,OCT,14609
A_30015424140000,2015,NOV,13068
A_30015424140000,2015,DEC,8190
A_30015424140000,2016,JAN,5742
A_30015424140000,2016,FEB,9180
A_30015424140000,2016,MAR,6598
A_30015424140000,2016,APR,6696
A_30015424140000,2016,MAY,7281
A_30015424140000,2016,JUN,5880
A_30015424140000,2016,JUL,5070
A_30015424140000,2016,AUG,4902
A_30015424140000,2016,SEP,4662
A_30015424140000,2016,OCT,4220
A_30015424140000,2016,NOV,4365
A_30015424140000,2016,DEC,4412
A_30015424140000,2017,JAN,3997
A_30015424140000,2017,FEB,3609
A_30015424140000,2017,MAR,3161
A_30015424140000,2017,APR,2412
A_30015424140000,2017,MAY,4054
A_30015424140000,2017,JUN,3160
A_30015424140000,2017,JUL,3114
A_30015424140000,2017,AUG,3269
A_30015424140000,2017,SEP,1530
A_30015424140000,2017,OCT,2232
A_30015424140000,2017,NOV,2698
A_30015424140000,2017,DEC,2674
A_30015424140000,2018,JAN,1015
A_30015424140000,2018,FEB,2624
A_30015424140000,2018,MAR,2940
A_30015424140000,2018,APR,2940
A_30015424140000,2018,MAY,2785
A_30015424150000,2015,JAN,4593
A_30015424150000,2015,FEB,18794
A_30015424150000,2015,MAR,23174
A_30015424150000,2015,APR,19302
A_30015424150000,2015,JUN,569
A_30015424150000,2015,JUL,840
A_30015424150000,2015,AUG,21302
A_30015424150000,2015,SEP,18222
A_30015424150000,2015,OCT,18385
A_30015424150000,2015,NOV,14469
A_30015424150000,2015,DEC,10096
A_30015424150000,2016,JAN,10476
A_30015424150000,2016,FEB,11666
A_30015424150000,2016,MAR,8207
A_30015424150000,2016,APR,6379
A_30015424150000,2016,MAY,7914
A_30015424150000,2016,JUN,7200
A_30015424150000,2016,JUL,6354
A_30015424150000,2016,AUG,5243
A_30015424150000,2016,SEP,5622
A_30015424150000,2016,OCT,5081
A_30015424150000,2016,NOV,4852
A_30015424150000,2016,DEC,4955
A_30015424150000,2017,JAN,3864
A_30015424150000,2017,FEB,2683
A_30015424150000,2017,MAR,1975
A_30015424150000,2017,APR,2425
A_30015424150000,2017,MAY,2857
A_30015424150000,2017,JUN,2265
A_30015424150000,2017,JUL,2357
A_30015424150000,2017,AUG,2596
A_30015424150000,2017,SEP,2687
A_30015424150000,2017,OCT,2931
A_30015424150000,2017,NOV,2184
A_30015424150000,2017,DEC,1964
A_30015424150000,2018,JAN,1887
A_30015424150000,2018,FEB,2195
A_30015424150000,2018,MAR,2439
A_30015424150000,2018,APR,2439
A_30015424150000,2018,MAY,2343
A_30015424180000,2015,MAY,27397
A_30015424180000,2015,JUN,17587
A_30015424180000,2015,JUL,8828
A_30015424180000,2015,AUG,10728
A_30015424180000,2015,SEP,7024
A_30015424180000,2015,OCT,6000
A_30015424180000,2015,NOV,5214
A_30015424180000,2015,DEC,3033
A_30015424180000,2016,JAN,5054
A_30015424180000,2016,FEB,4320
A_30015424180000,2016,MAR,3138
A_30015424180000,2016,APR,3226
A_30015424180000,2016,MAY,3010
A_30015424180000,2016,JUN,2744
A_30015424180000,2016,JUL,2639
A_30015424180000,2016,AUG,2364
A_30015424180000,2016,SEP,2086
A_30015424180000,2016,OCT,2137
A_30015424180000,2016,NOV,1977
A_30015424180000,2016,DEC,2031
A_30015424180000,2017,JAN,1447
A_30015424180000,2017,FEB,1628
A_30015424180000,2017,MAR,1738
A_30015424180000,2017,APR,1510
A_30015424180000,2017,MAY,1635
A_30015424180000,2017,JUN,1325
A_30015424180000,2017,JUL,1358
A_30015424180000,2017,AUG,1156
A_30015424180000,2017,SEP,1223
A_30015424180000,2017,OCT,1317
A_30015424180000,2017,NOV,1084
A_30015424180000,2017,DEC,1034
A_30015424180000,2018,JAN,949
A_30015424180000,2018,FEB,1124
A_30015424180000,2018,MAR,1144
A_30015424180000,2018,APR,1121
A_30015424180000,2018,MAY,1130
A_30015424260000,2015,MAR,425
A_30015424260000,2015,APR,16325
A_30015424260000,2015,MAY,24274
A_30015424260000,2015,JUN,19354
A_30015424260000,2015,JUL,13587
A_30015424260000,2015,AUG,11125
A_30015424260000,2015,SEP,9363
A_30015424260000,2015,OCT,7816
A_30015424260000,2015,NOV,6666
A_30015424260000,2015,DEC,5209
A_30015424260000,2016,JAN,5912
A_30015424260000,2016,FEB,880
A_30015424260000,2016,MAR,5375
A_30015424260000,2016,APR,2630
A_30015424260000,2016,MAY,2320
A_30015424260000,2016,JUN,2438
A_30015424260000,2016,JUL,2884
A_30015424260000,2016,AUG,3086
A_30015424260000,2016,SEP,2882
A_30015424260000,2016,OCT,1597
A_30015424260000,2016,NOV,942
A_30015424260000,2016,DEC,1075
A_30015424260000,2017,JAN,2575
A_30015424260000,2017,FEB,2606
A_30015424260000,2017,MAR,2277
A_30015424260000,2017,APR,1919
A_30015424260000,2017,MAY,1789
A_30015424260000,2017,JUN,1650
A_30015424260000,2017,JUL,1575
A_30015424260000,2017,AUG,1625
A_30015424260000,2017,SEP,1487
A_30015424260000,2017,OCT,1307
A_30015424260000,2017,NOV,1433
A_30015424260000,2017,DEC,1459
A_30015424260000,2018,JAN,1124
A_30015424260000,2018,FEB,1189
A_30015424260000,2018,MAR,1252
A_30015424260000,2018,APR,1252
A_30015424260000,2018,MAY,1213
A_30015424270000,2016,FEB,15241
A_30015424270000,2016,MAR,16486
A_30015424270000,2016,APR,17985
A_30015424270000,2016,MAY,17750
A_30015424270000,2016,JUN,17521
A_30015424270000,2016,JUL,14467
A_30015424270000,2016,AUG,15313
A_30015424270000,2016,SEP,11021
A_30015424270000,2016,OCT,12496
A_30015424270000,2016,NOV,10468
A_30015424270000,2016,DEC,10279
A_30015424270000,2017,JAN,8072
A_30015424270000,2017,FEB,6024
A_30015424270000,2017,MAR,8514
A_30015424270000,2017,APR,8519
A_30015424270000,2017,MAY,8917
A_30015424270000,2017,JUN,7579
A_30015424270000,2017,JUL,7540
A_30015424270000,2017,AUG,6853
A_30015424270000,2017,SEP,6371
A_30015424270000,2017,OCT,5936
A_30015424270000,2017,NOV,3739
A_30015424270000,2017,DEC,4971
A_30015424270000,2018,JAN,4353
A_30015424270000,2018,FEB,4943
A_30015424270000,2018,MAR,4598
A_30015424270000,2018,APR,4612
A_30015424270000,2018,MAY,4204
A_30015424280000,2016,FEB,15605
A_30015424280000,2016,MAR,14276
A_30015424280000,2016,APR,10500
A_30015424280000,2016,MAY,15239
A_30015424280000,2016,JUN,9824
A_30015424280000,2016,JUL,7420
A_30015424280000,2016,AUG,5950
A_30015424280000,2016,SEP,6187
A_30015424280000,2016,OCT,3948
A_30015424280000,2016,NOV,4548
A_30015424280000,2016,DEC,4325
A_30015424280000,2017,JAN,3495
A_30015424280000,2017,FEB,3235
A_30015424280000,2017,MAR,2896
A_30015424280000,2017,APR,385
A_30015424280000,2017,MAY,3652
A_30015424280000,2017,JUN,3055
A_30015424280000,2017,JUL,3113
A_30015424280000,2017,AUG,2584
A_30015424280000,2017,SEP,2621
A_30015424280000,2017,OCT,2673
A_30015424280000,2017,NOV,2028
A_30015424280000,2017,DEC,2400
A_30015424280000,2018,JAN,1946
A_30015424280000,2018,FEB,2189
A_30015424280000,2018,MAR,2665
A_30015424280000,2018,APR,1460
A_30015424280000,2018,MAY,3824
A_30015424320000,2015,MAR,12442
A_30015424320000,2015,APR,11524
A_30015424320000,2015,MAY,7490
A_30015424320000,2015,JUN,5674
A_30015424320000,2015,JUL,4802
A_30015424320000,2015,AUG,4114
A_30015424320000,2015,SEP,3538
A_30015424320000,2015,OCT,3496
A_30015424320000,2015,NOV,2733
A_30015424320000,2015,DEC,2810
A_30015424320000,2016,JAN,3015
A_30015424320000,2016,FEB,1837
A_30015424320000,2016,MAR,1658
A_30015424320000,2016,APR,1209
A_30015424320000,2016,MAY,1630
A_30015424320000,2016,JUN,1462
A_30015424320000,2016,JUL,1471
A_30015424320000,2016,AUG,1328
A_30015424320000,2016,SEP,1192
A_30015424320000,2016,OCT,1303
A_30015424320000,2016,NOV,1127
A_30015424320000,2016,DEC,941
A_30015424320000,2017,JAN,1208
A_30015424320000,2017,FEB,1051
A_30015424320000,2017,MAR,1195
A_30015424320000,2017,APR,1166
A_30015424320000,2017,MAY,1203
A_30015424320000,2017,JUN,1138
A_30015424320000,2017,JUL,1170
A_30015424320000,2017,AUG,1093
A_30015424320000,2017,SEP,1027
A_30015424320000,2017,OCT,1109
A_30015424320000,2017,NOV,1047
A_30015424320000,2017,DEC,934
A_30015424320000,2018,JAN,1005
A_30015424320000,2018,FEB,791
A_30015424320000,2018,MAR,922
A_30015424320000,2018,APR,935
A_30015424320000,2018,MAY,1094
A_30015424350000,2015,FEB,1610
A_30015424350000,2015,MAR,7207
A_30015424350000,2015,APR,3431
A_30015424350000,2015,MAY,4447
A_30015424350000,2015,JUN,2640
A_30015424350000,2015,JUL,2706
A_30015424350000,2015,AUG,3811
A_30015424350000,2015,SEP,1938
A_30015424350000,2015,OCT,1964
A_30015424350000,2015,NOV,879
A_30015424350000,2015,DEC,751
A_30015424350000,2016,JAN,2180
A_30015424350000,2016,FEB,870
A_30015424350000,2016,MAR,1922
A_30015424350000,2016,APR,1187
A_30015424350000,2016,MAY,1083
A_30015424350000,2016,JUN,875
A_30015424350000,2016,JUL,1056
A_30015424350000,2016,AUG,955
A_30015424350000,2016,SEP,362
A_30015424350000,2016,OCT,339
A_30015424350000,2016,NOV,1213
A_30015424350000,2016,DEC,830
A_30015424350000,2017,JAN,748
A_30015424350000,2017,FEB,0
A_30015424350000,2017,MAR,889
A_30015424350000,2017,APR,1081
A_30015424350000,2017,MAY,919
A_30015424350000,2017,JUN,726
A_30015424350000,2017,JUL,342
A_30015424350000,2017,AUG,30
A_30015424350000,2017,SEP,986
A_30015424350000,2017,OCT,882
A_30015424350000,2017,NOV,937
A_30015424350000,2017,DEC,228
A_30015424350000,2018,JAN,121
A_30015424350000,2018,FEB,134
A_30015424350000,2018,MAR,323
A_30015424350000,2018,APR,223
A_30015424350000,2018,MAY,94
A_30015424360000,2015,FEB,2497
A_30015424360000,2015,MAR,8769
A_30015424360000,2015,APR,6847
A_30015424360000,2015,MAY,5586
A_30015424360000,2015,JUN,1611
A_30015424360000,2015,JUL,2234
A_30015424360000,2015,AUG,3538
A_30015424360000,2015,SEP,2867
A_30015424360000,2015,OCT,2299
A_30015424360000,2015,NOV,1994
A_30015424360000,2015,DEC,1147
A_30015424360000,2016,JAN,707
A_30015424360000,2016,FEB,1517
A_30015424360000,2016,MAR,509
A_30015424360000,2016,APR,598
A_30015424360000,2016,MAY,499
A_30015424360000,2016,JUN,528
A_30015424360000,2016,JUL,308
A_30015424360000,2016,AUG,792
A_30015424360000,2016,SEP,640
A_30015424360000,2016,OCT,747
A_30015424360000,2016,NOV,981
A_30015424360000,2016,DEC,1169
A_30015424360000,2017,JAN,1052
A_30015424360000,2017,FEB,0
A_30015424360000,2017,MAR,469
A_30015424360000,2017,APR,321
A_30015424360000,2017,MAY,281
A_30015424360000,2017,JUN,153
A_30015424360000,2017,JUL,653
A_30015424360000,2017,AUG,1101
A_30015424360000,2017,SEP,546
A_30015424360000,2017,OCT,139
A_30015424360000,2017,NOV,1141
A_30015424360000,2017,DEC,515
A_30015424360000,2018,JAN,167
A_30015424360000,2018,FEB,152
A_30015424360000,2018,MAR,349
A_30015424360000,2018,APR,379
A_30015424360000,2018,MAY,503
A_30015424390000,2016,MAR,0
A_30015424390000,2016,APR,11602
A_30015424390000,2016,MAY,18119
A_30015424390000,2016,JUN,10890
A_30015424390000,2016,JUL,7190
A_30015424390000,2016,AUG,7782
A_30015424390000,2016,SEP,5061
A_30015424390000,2016,OCT,5705
A_30015424390000,2016,NOV,3621
A_30015424390000,2016,DEC,2719
A_30015424390000,2017,JAN,3177
A_30015424390000,2017,FEB,3584
A_30015424390000,2017,MAR,3679
A_30015424390000,2017,APR,3191
A_30015424390000,2017,MAY,2635
A_30015424390000,2017,JUN,3090
A_30015424390000,2017,JUL,2947
A_30015424390000,2017,AUG,2701
A_30015424390000,2017,SEP,2530
A_30015424390000,2017,OCT,2722
A_30015424390000,2017,NOV,2238
A_30015424390000,2017,DEC,1535
A_30015424390000,2018,JAN,1858
A_30015424390000,2018,FEB,2224
A_30015424390000,2018,MAR,1012
A_30015424390000,2018,APR,1787
A_30015424390000,2018,MAY,1439
A_30015424400000,2016,MAR,0
A_30015424400000,2016,APR,10273
A_30015424400000,2016,MAY,16490
A_30015424400000,2016,JUN,7542
A_30015424400000,2016,JUL,4500
A_30015424400000,2016,AUG,4180
A_30015424400000,2016,SEP,5314
A_30015424400000,2016,OCT,4436
A_30015424400000,2016,NOV,3171
A_30015424400000,2016,DEC,3791
A_30015424400000,2017,JAN,3180
A_30015424400000,2017,FEB,2626
A_30015424400000,2017,MAR,2734
A_30015424400000,2017,APR,2318
A_30015424400000,2017,MAY,1485
A_30015424400000,2017,JUN,3097
A_30015424400000,2017,JUL,2162
A_30015424400000,2017,AUG,2252
A_30015424400000,2017,SEP,2143
A_30015424400000,2017,OCT,2167
A_30015424400000,2017,NOV,2032
A_30015424400000,2017,DEC,2147
A_30015424400000,2018,JAN,1796
A_30015424400000,2018,FEB,1630
A_30015424400000,2018,MAR,1785
A_30015424400000,2018,APR,1644
A_30015424400000,2018,MAY,1571
A_30015424460000,2015,OCT,5521
A_30015424460000,2015,NOV,35411
A_30015424460000,2015,DEC,21744
A_30015424460000,2016,JAN,10428
A_30015424460000,2016,FEB,16238
A_30015424460000,2016,MAR,12368
A_30015424460000,2016,APR,10464
A_30015424460000,2016,MAY,7637
A_30015424460000,2016,JUN,7206
A_30015424460000,2016,JUL,8980
A_30015424460000,2016,AUG,7812
A_30015424460000,2016,SEP,3465
A_30015424460000,2016,OCT,4562
A_30015424460000,2016,NOV,4166
A_30015424460000,2016,DEC,3244
A_30015424460000,2017,JAN,3698
A_30015424460000,2017,FEB,3047
A_30015424460000,2017,MAR,2988
A_30015424460000,2017,APR,2130
A_30015424460000,2017,MAY,2614
A_30015424460000,2017,JUN,2869
A_30015424460000,2017,JUL,2466
A_30015424460000,2017,AUG,2635
A_30015424460000,2017,SEP,2768
A_30015424460000,2017,OCT,2301
A_30015424460000,2017,NOV,1342
A_30015424460000,2017,DEC,1221
A_30015424460000,2018,JAN,1207
A_30015424460000,2018,FEB,1145
A_30015424460000,2018,MAR,1523
A_30015424460000,2018,APR,1473
A_30015424460000,2018,MAY,1648
A_30015424470000,2015,OCT,0
A_30015424470000,2015,NOV,1794
A_30015424470000,2015,DEC,3448
A_30015424470000,2016,JAN,2976
A_30015424470000,2016,FEB,3054
A_30015424470000,2016,MAR,2877
A_30015424470000,2016,APR,2339
A_30015424470000,2016,MAY,2009
A_30015424470000,2016,JUN,1778
A_30015424470000,2016,JUL,1668
A_30015424470000,2016,AUG,1477
A_30015424470000,2016,SEP,1369
A_30015424470000,2016,OCT,1241
A_30015424470000,2016,NOV,1058
A_30015424470000,2016,DEC,959
A_30015424470000,2017,JAN,998
A_30015424470000,2017,FEB,595
A_30015424470000,2017,MAR,485
A_30015424470000,2017,APR,645
A_30015424470000,2017,MAY,485
A_30015424470000,2017,JUN,173
A_30015424470000,2017,JUL,3339
A_30015424470000,2017,AUG,3476
A_30015424470000,2017,SEP,2176
A_30015424470000,2017,OCT,2024
A_30015424470000,2017,NOV,2208
A_30015424470000,2017,DEC,2235
A_30015424470000,2018,JAN,1849
A_30015424470000,2018,FEB,1353
A_30015424470000,2018,MAR,1335
A_30015424470000,2018,APR,1181
A_30015424470000,2018,MAY,1623
A_30015424490000,2015,APR,12
A_30015424490000,2015,MAY,8644
A_30015424490000,2015,JUN,9361
A_30015424490000,2015,JUL,8391
A_30015424490000,2015,AUG,6644
A_30015424490000,2015,SEP,5164
A_30015424490000,2015,OCT,4917
A_30015424490000,2015,NOV,4174
A_30015424490000,2015,DEC,3296
A_30015424490000,2016,JAN,3398
A_30015424490000,2016,FEB,2816
A_30015424490000,2016,MAR,2373
A_30015424490000,2016,APR,2140
A_30015424490000,2016,MAY,2042
A_30015424490000,2016,JUN,1705
A_30015424490000,2016,JUL,1612
A_30015424490000,2016,AUG,1596
A_30015424490000,2016,SEP,1537
A_30015424490000,2016,OCT,1559
A_30015424490000,2016,NOV,1515
A_30015424490000,2016,DEC,1606
A_30015424490000,2017,JAN,1519
A_30015424490000,2017,FEB,1291
A_30015424490000,2017,MAR,1306
A_30015424490000,2017,APR,1151
A_30015424490000,2017,MAY,1108
A_30015424490000,2017,JUN,942
A_30015424490000,2017,JUL,1003
A_30015424490000,2017,AUG,735
A_30015424490000,2017,SEP,0
A_30015424490000,2017,OCT,579
A_30015424490000,2017,NOV,1105
A_30015424490000,2017,DEC,1093
A_30015424490000,2018,JAN,1081
A_30015424490000,2018,FEB,900
A_30015424490000,2018,MAR,787
A_30015424490000,2018,APR,753
A_30015424490000,2018,MAY,410
A_30015424510000,2016,JAN,1369
A_30015424510000,2016,FEB,9231
A_30015424510000,2016,MAR,14230
A_30015424510000,2016,APR,17322
A_30015424510000,2016,MAY,12430
A_30015424510000,2016,JUN,9239
A_30015424510000,2016,JUL,7828
A_30015424510000,2016,AUG,6812
A_30015424510000,2016,SEP,6200
A_30015424510000,2016,OCT,5860
A_30015424510000,2016,NOV,5191
A_30015424510000,2016,DEC,5035
A_30015424510000,2017,JAN,4674
A_30015424550000,2015,FEB,18436
A_30015424550000,2015,MAR,25453
A_30015424550000,2015,APR,30523
A_30015424550000,2015,MAY,26448
A_30015424550000,2015,JUN,18519
A_30015424550000,2015,JUL,16014
A_30015424550000,2015,AUG,12566
A_30015424550000,2015,SEP,10750
A_30015424550000,2015,OCT,9382
A_30015424550000,2015,NOV,8370
A_30015424550000,2015,DEC,7107
A_30015424550000,2016,JAN,8484
A_30015424550000,2016,FEB,8014
A_30015424550000,2016,MAR,7931
A_30015424550000,2016,APR,7420
A_30015424550000,2016,MAY,7469
A_30015424550000,2016,JUN,6835
A_30015424550000,2016,JUL,6359
A_30015424550000,2016,AUG,4209
A_30015424550000,2016,SEP,3333
A_30015424550000,2016,OCT,3131
A_30015424550000,2016,NOV,3677
A_30015424550000,2016,DEC,2651
A_30015424550000,2017,JAN,4233
A_30015424550000,2017,FEB,3618
A_30015424550000,2017,MAR,4100
A_30015424550000,2017,APR,2603
A_30015424550000,2017,MAY,802
A_30015424550000,2017,JUN,1007
A_30015424550000,2017,JUL,1647
A_30015424550000,2017,AUG,2047
A_30015424550000,2017,SEP,1876
A_30015424550000,2017,OCT,1897
A_30015424550000,2017,NOV,1634
A_30015424550000,2017,DEC,1191
A_30015424550000,2018,JAN,856
A_30015424550000,2018,FEB,659
A_30015424550000,2018,MAR,1066
A_30015424550000,2018,APR,142
A_30015424550000,2018,MAY,824
A_30015424560000,2014,DEC,1258
A_30015424560000,2015,JAN,10257
A_30015424560000,2015,FEB,8353
A_30015424560000,2015,MAR,5427
A_30015424560000,2015,APR,4253
A_30015424560000,2015,MAY,3212
A_30015424560000,2015,JUN,2851
A_30015424560000,2015,JUL,2995
A_30015424560000,2015,AUG,2589
A_30015424560000,2015,SEP,1043
A_30015424560000,2015,DEC,1830
A_30015424560000,2016,JAN,2687
A_30015424560000,2016,FEB,2199
A_30015424560000,2016,MAR,1492
A_30015424560000,2016,APR,1132
A_30015424560000,2016,MAY,2321
A_30015424560000,2016,JUN,2037
A_30015424560000,2016,JUL,2088
A_30015424560000,2016,AUG,1375
A_30015424560000,2016,SEP,1236
A_30015424560000,2016,OCT,1591
A_30015424560000,2016,NOV,2247
A_30015424560000,2016,DEC,1674
A_30015424560000,2017,JAN,637
A_30015424560000,2017,FEB,1683
A_30015424560000,2017,MAR,1518
A_30015424560000,2017,MAY,1472
A_30015424560000,2017,JUN,1658
A_30015424560000,2017,JUL,1349
A_30015424560000,2017,AUG,1564
A_30015424560000,2017,SEP,1265
A_30015424560000,2017,OCT,1243
A_30015424560000,2017,NOV,1098
A_30015424560000,2017,DEC,523
A_30015424560000,2018,JAN,1186
A_30015424560000,2018,FEB,1023
A_30015424560000,2018,MAR,495
A_30015424560000,2018,APR,1441
A_30015424560000,2018,MAY,1269
A_30015424570000,2015,JAN,1992
A_30015424570000,2015,FEB,2149
A_30015424570000,2015,MAR,62
A_30015424570000,2015,APR,2588
A_30015424570000,2015,MAY,2122
A_30015424570000,2015,JUN,1593
A_30015424570000,2015,JUL,928
A_30015424570000,2015,AUG,1935
A_30015424570000,2015,SEP,1114
A_30015424570000,2016,MAR,1775
A_30015424570000,2016,APR,801
A_30015424570000,2016,MAY,380
A_30015424570000,2016,JUN,2011
A_30015424570000,2016,JUL,748
A_30015424570000,2016,AUG,1429
A_30015424570000,2016,SEP,1092
A_30015424570000,2016,OCT,1029
A_30015424570000,2016,NOV,977
A_30015424570000,2016,DEC,869
A_30015424570000,2017,JAN,917
A_30015424570000,2017,FEB,731
A_30015424570000,2017,MAR,571
A_30015424570000,2017,APR,715
A_30015424570000,2017,MAY,692
A_30015424570000,2017,JUN,619
A_30015424570000,2017,JUL,672
A_30015424570000,2017,AUG,641
A_30015424570000,2017,SEP,550
A_30015424570000,2017,OCT,587
A_30015424570000,2017,NOV,577
A_30015424570000,2017,DEC,627
A_30015424570000,2018,JAN,723
A_30015424570000,2018,FEB,484
A_30015424570000,2018,MAR,438
A_30015424570000,2018,APR,396
A_30015424570000,2018,MAY,261
A_30015424700000,2016,SEP,26135
A_30015424700000,2016,OCT,24095
A_30015424700000,2016,NOV,14628
A_30015424700000,2016,DEC,11179
A_30015424700000,2017,JAN,8796
A_30015424700000,2017,FEB,6965
A_30015424700000,2017,MAR,3843
A_30015424700000,2017,APR,3227
A_30015424700000,2017,MAY,5788
A_30015424700000,2017,JUN,4307
A_30015424700000,2017,JUL,1403
A_30015424700000,2017,AUG,3935
A_30015424700000,2017,SEP,4815
A_30015424700000,2017,OCT,6937
A_30015424700000,2017,NOV,6006
A_30015424700000,2017,DEC,5637
A_30015424700000,2018,JAN,4175
A_30015424700000,2018,FEB,4813
A_30015424700000,2018,MAR,4449
A_30015424700000,2018,APR,3466
A_30015424700000,2018,MAY,3177
A_30015424710000,2015,OCT,3482
A_30015424710000,2015,NOV,31357
A_30015424710000,2015,DEC,24026
A_30015424710000,2016,JAN,18445
A_30015424710000,2016,FEB,11187
A_30015424710000,2016,MAR,9249
A_30015424710000,2016,APR,7052
A_30015424710000,2016,MAY,9473
A_30015424710000,2016,JUN,5859
A_30015424710000,2016,JUL,5341
A_30015424710000,2016,AUG,4531
A_30015424710000,2016,SEP,3777
A_30015424710000,2016,OCT,3654
A_30015424710000,2016,NOV,3053
A_30015424710000,2016,DEC,2759
A_30015424710000,2017,JAN,2562
A_30015424710000,2017,FEB,2159
A_30015424710000,2017,MAR,2474
A_30015424710000,2017,APR,2549
A_30015424710000,2017,MAY,2437
A_30015424710000,2017,JUN,1892
A_30015424710000,2017,JUL,1596
A_30015424710000,2017,AUG,1343
A_30015424710000,2017,SEP,1311
A_30015424710000,2017,OCT,1183
A_30015424710000,2017,NOV,990
A_30015424710000,2017,DEC,888
A_30015424710000,2018,JAN,986
A_30015424710000,2018,FEB,833
A_30015424710000,2018,MAR,903
A_30015424710000,2018,APR,1565
A_30015424710000,2018,MAY,1556
A_30015424820000,2015,MAR,917
A_30015424820000,2015,APR,8411
A_30015424820000,2015,MAY,6822
A_30015424820000,2015,JUN,6858
A_30015424820000,2015,JUL,4582
A_30015424820000,2015,AUG,3627
A_30015424820000,2015,SEP,3107
A_30015424820000,2015,OCT,2837
A_30015424820000,2015,NOV,2560
A_30015424820000,2015,DEC,2153
A_30015424820000,2016,JAN,2232
A_30015424820000,2016,FEB,1993
A_30015424820000,2016,MAR,2006
A_30015424820000,2016,APR,1864
A_30015424820000,2016,MAY,1802
A_30015424820000,2016,JUN,1644
A_30015424820000,2016,JUL,1610
A_30015424820000,2016,AUG,1179
A_30015424820000,2016,SEP,1430
A_30015424820000,2016,OCT,1434
A_30015424820000,2016,NOV,1329
A_30015424820000,2016,DEC,1349
A_30015424820000,2017,JAN,1301
A_30015424820000,2017,FEB,1189
A_30015424820000,2017,MAR,1178
A_30015424820000,2017,APR,1120
A_30015424820000,2017,MAY,1124
A_30015424820000,2017,JUN,940
A_30015424820000,2017,JUL,1046
A_30015424820000,2017,AUG,1016
A_30015424820000,2017,SEP,955
A_30015424820000,2017,OCT,976
A_30015424820000,2017,NOV,936
A_30015424820000,2017,DEC,940
A_30015424820000,2018,JAN,868
A_30015424820000,2018,FEB,805
A_30015424820000,2018,MAR,679
A_30015424820000,2018,APR,776
A_30015424820000,2018,MAY,596
A_30015424840000,2015,MAR,6508
A_30015424840000,2015,APR,16474
A_30015424840000,2015,MAY,10000
A_30015424840000,2015,JUN,6542
A_30015424840000,2015,JUL,5537
A_30015424840000,2015,AUG,5502
A_30015424840000,2015,SEP,4295
A_30015424840000,2015,OCT,3979
A_30015424840000,2015,NOV,3630
A_30015424840000,2015,DEC,3004
A_30015424840000,2016,JAN,3558
A_30015424840000,2016,FEB,1814
A_30015424840000,2016,MAR,3070
A_30015424840000,2016,APR,1895
A_30015424840000,2016,MAY,1706
A_30015424840000,2016,JUN,2025
A_30015424840000,2016,JUL,1664
A_30015424840000,2016,AUG,1784
A_30015424840000,2016,SEP,1437
A_30015424840000,2016,OCT,1309
A_30015424840000,2016,NOV,1446
A_30015424840000,2016,DEC,1498
A_30015424840000,2017,JAN,1338
A_30015424840000,2017,FEB,1222
A_30015424840000,2017,MAR,1329
A_30015424840000,2017,APR,1355
A_30015424840000,2017,MAY,1117
A_30015424840000,2017,JUN,683
A_30015424840000,2017,JUL,967
A_30015424840000,2017,AUG,1112
A_30015424840000,2017,SEP,1126
A_30015424840000,2017,OCT,1133
A_30015424840000,2017,NOV,1308
A_30015424840000,2017,DEC,1228
A_30015424840000,2018,JAN,1204
A_30015424840000,2018,FEB,890
A_30015424840000,2018,MAR,974
A_30015424840000,2018,APR,693
A_30015424840000,2018,MAY,416
A_30015424850000,2016,FEB,0
A_30015424850000,2016,MAR,12536
A_30015424850000,2016,APR,12566
A_30015424850000,2016,MAY,7561
A_30015424850000,2016,JUN,5159
A_30015424850000,2016,JUL,4661
A_30015424850000,2016,AUG,4480
A_30015424850000,2016,SEP,3605
A_30015424850000,2016,OCT,3247
A_30015424850000,2016,NOV,2985
A_30015424850000,2016,DEC,2659
A_30015424850000,2017,JAN,2481
A_30015424850000,2017,FEB,2025
A_30015424850000,2017,MAR,2145
A_30015424850000,2017,APR,2079
A_30015424850000,2017,MAY,1754
A_30015424850000,2017,JUN,1535
A_30015424850000,2017,JUL,1461
A_30015424850000,2017,AUG,1458
A_30015424850000,2017,SEP,1815
A_30015424850000,2017,OCT,1414
A_30015424850000,2017,NOV,1877
A_30015424850000,2017,DEC,1438
A_30015424850000,2018,JAN,1461
A_30015424850000,2018,FEB,1271
A_30015424850000,2018,MAR,1204
A_30015424850000,2018,APR,1817
A_30015424850000,2018,MAY,1322
A_30015424860000,2016,FEB,0
A_30015424860000,2016,MAR,16775
A_30015424860000,2016,APR,19990
A_30015424860000,2016,MAY,12185
A_30015424860000,2016,JUN,9760
A_30015424860000,2016,JUL,7767
A_30015424860000,2016,AUG,6422
A_30015424860000,2016,SEP,5299
A_30015424860000,2016,OCT,4323
A_30015424860000,2016,NOV,4343
A_30015424860000,2016,DEC,4025
A_30015424860000,2017,JAN,3418
A_30015424860000,2017,FEB,2751
A_30015424860000,2017,MAR,2749
A_30015424860000,2017,APR,2744
A_30015424860000,2017,MAY,2176
A_30015424860000,2017,JUN,2065
A_30015424860000,2017,JUL,2465
A_30015424860000,2017,AUG,2182
A_30015424860000,2017,SEP,2126
A_30015424860000,2017,OCT,1843
A_30015424860000,2017,NOV,1468
A_30015424860000,2017,DEC,1868
A_30015424860000,2018,JAN,1840
A_30015424860000,2018,FEB,1408
A_30015424860000,2018,MAR,1933
A_30015424860000,2018,APR,782
A_30015424860000,2018,MAY,1586
A_30015424870000,2016,FEB,6403
A_30015424870000,2016,MAR,35194
A_30015424870000,2016,APR,33554
A_30015424870000,2016,MAY,24406
A_30015424870000,2016,JUN,16182
A_30015424870000,2016,JUL,14092
A_30015424870000,2016,AUG,10880
A_30015424870000,2016,SEP,9041
A_30015424870000,2016,OCT,8149
A_30015424870000,2016,NOV,6896
A_30015424870000,2016,DEC,6555
A_30015424870000,2017,JAN,5881
A_30015424870000,2017,FEB,4151
A_30015424870000,2017,MAR,4711
A_30015424870000,2017,APR,2603
A_30015424870000,2017,MAY,3776
A_30015424870000,2017,JUN,3535
A_30015424870000,2017,JUL,3623
A_30015424870000,2017,AUG,3641
A_30015424870000,2017,SEP,3048
A_30015424870000,2017,OCT,3318
A_30015424870000,2017,NOV,3287
A_30015424870000,2017,DEC,3052
A_30015424870000,2018,JAN,3002
A_30015424870000,2018,FEB,2670
A_30015424870000,2018,MAR,2711
A_30015424870000,2018,APR,1985
A_30015424870000,2018,MAY,1724
A_30015424890000,2015,FEB,313
A_30015424890000,2015,MAR,5557
A_30015424890000,2015,APR,6339
A_30015424890000,2015,MAY,3169
A_30015424890000,2015,JUN,6338
A_30015424890000,2015,JUL,4918
A_30015424890000,2015,AUG,4269
A_30015424890000,2015,SEP,3157
A_30015424890000,2015,OCT,3030
A_30015424890000,2015,NOV,3137
A_30015424890000,2015,DEC,2450
A_30015424890000,2016,JAN,1042
A_30015424890000,2016,FEB,2427
A_30015424890000,2016,MAR,2405
A_30015424890000,2016,APR,2423
A_30015424890000,2016,MAY,1949
A_30015424890000,2016,JUN,1983
A_30015424890000,2016,JUL,1888
A_30015424890000,2016,AUG,1953
A_30015424890000,2016,SEP,1857
A_30015424890000,2016,OCT,1455
A_30015424890000,2016,NOV,1291
A_30015424890000,2016,DEC,810
A_30015424890000,2017,JAN,1476
A_30015424890000,2017,FEB,1164
A_30015424890000,2017,MAR,1138
A_30015424890000,2017,APR,1047
A_30015424890000,2017,MAY,1483
A_30015424890000,2017,JUN,1151
A_30015424890000,2017,JUL,1183
A_30015424890000,2017,AUG,1139
A_30015424890000,2017,SEP,981
A_30015424890000,2017,OCT,1276
A_30015424890000,2017,NOV,896
A_30015424890000,2017,DEC,1229
A_30015424890000,2018,JAN,1118
A_30015424890000,2018,FEB,346
A_30015424890000,2018,MAR,132
A_30015424890000,2018,APR,293
A_30015424890000,2018,MAY,165
A_30015424900000,2015,AUG,5437
A_30015424900000,2015,SEP,7046
A_30015424900000,2015,OCT,5643
A_30015424900000,2015,NOV,4073
A_30015424900000,2015,DEC,2837
A_30015424900000,2016,JAN,2943
A_30015424900000,2016,FEB,2292
A_30015424900000,2016,MAR,2271
A_30015424900000,2016,APR,2090
A_30015424900000,2016,MAY,1935
A_30015424900000,2016,JUN,1573
A_30015424900000,2016,JUL,1096
A_30015424900000,2016,AUG,1172
A_30015424900000,2016,SEP,1062
A_30015424900000,2016,OCT,1018
A_30015424900000,2016,NOV,426
A_30015424900000,2016,DEC,912
A_30015424900000,2017,JAN,813
A_30015424900000,2017,FEB,247
A_30015424900000,2017,MAR,721
A_30015424900000,2017,APR,761
A_30015424900000,2017,MAY,713
A_30015424900000,2017,JUN,772
A_30015424900000,2017,JUL,658
A_30015424900000,2017,AUG,427
A_30015424900000,2017,SEP,490
A_30015424900000,2017,OCT,688
A_30015424900000,2017,NOV,742
A_30015424900000,2017,DEC,746
A_30015424900000,2018,JAN,650
A_30015424900000,2018,FEB,542
A_30015424900000,2018,MAR,619
A_30015424900000,2018,APR,939
A_30015424900000,2018,MAY,1049
A_30015424970000,2015,JAN,3811
A_30015424970000,2015,FEB,35937
A_30015424970000,2015,MAR,22752
A_30015424970000,2015,APR,3665
A_30015424970000,2015,MAY,7972
A_30015424970000,2015,JUN,7634
A_30015424970000,2015,JUL,6846
A_30015424970000,2015,AUG,5965
A_30015424970000,2015,SEP,5312
A_30015424970000,2015,OCT,4816
A_30015424970000,2015,NOV,5087
A_30015424970000,2015,DEC,4418
A_30015424970000,2016,JAN,5146
A_30015424970000,2016,FEB,4397
A_30015424970000,2016,MAR,4131
A_30015424970000,2016,APR,3698
A_30015424970000,2016,MAY,3598
A_30015424970000,2016,JUN,3077
A_30015424970000,2016,JUL,3088
A_30015424970000,2016,AUG,3206
A_30015424970000,2016,SEP,2677
A_30015424970000,2016,OCT,2817
A_30015424970000,2016,NOV,2639
A_30015424970000,2016,DEC,2586
A_30015424970000,2017,JAN,2748
A_30015424970000,2017,FEB,2318
A_30015424970000,2017,MAR,2347
A_30015424970000,2017,APR,517
A_30015424970000,2017,MAY,1675
A_30015424970000,2017,JUN,2368
A_30015424970000,2017,JUL,2179
A_30015424970000,2017,AUG,2092
A_30015424970000,2017,SEP,1905
A_30015424970000,2017,OCT,1934
A_30015424970000,2017,NOV,1756
A_30015424970000,2017,DEC,1924
A_30015424970000,2018,JAN,1976
A_30015424970000,2018,FEB,1650
A_30015424970000,2018,MAR,1964
A_30015424970000,2018,APR,1437
A_30015424970000,2018,MAY,1963
